player_key,player_name,match_idx,match_date,tournament,category,round,result,score,opponent,opponent_key,three_dart_average,opponent_avg,perf_vs_opp,points_scored,darts_thrown
5403,Luke Littler,1,2026-09-20,World Series of Darts Finals,MJ,Quarter Final,Lost,4 V 10,Jonny Clayton,20,95.85,96.13,-0.28,6390,200
5403,Luke Littler,2,2026-09-19,World Series of Darts Finals,MJ,Last 16,Won,10 V 9,Nathan Aspinall,8,98.07,94.52,3.55,8924,273
5403,Luke Littler,3,2026-09-18,World Series of Darts Finals,MJ,Last 32,Won,6 V 4,Danny Noppert,22,98.2,91.76,6.44,4910,150
5403,Luke Littler,4,2026-09-06,European Tour,ET,Final,Won,8 V 6,Luke Humphries,34,95.25,94.81,0.44,6477,204
5403,Luke Littler,5,2026-09-06,European Tour,ET,Semi Final,Won,7 V 3,Michael van Gerwen,3,106.64,83.53,23.11,4870,137
5403,Luke Littler,6,2026-09-06,European Tour,ET,Quarter Final,Won,6 V 0,Danny Noppert,22,102.48,88.78,13.7,3006,88
5403,Luke Littler,7,2026-09-06,European Tour,ET,Last 16,Won,6 V 3,Krzysztof Ratajski,12,99.21,99.61,-0.4,4299,130
5403,Luke Littler,8,2026-09-05,European Tour,ET,Last 32,Won,6 V 4,Niko Springer,196,108.59,98.56,10.03,4814,133
5403,Luke Littler,9,2026-08-26,Players Championship,PT,Semi Final,Lost,4 V 7,Brendan Dolan,23,96.42,97.63,-1.21,5078,158
5403,Luke Littler,10,2026-08-26,Players Championship,PT,Quarter Final,Won,6 V 4,Krzysztof Ratajski,12,100.65,99.99,0.66,4764,142
34,Luke Humphries,1,2026-09-19,World Series of Darts Finals,MJ,Last 16,Lost,9 V 10,Dirk van Duijvenbode,14,99.1,101.14,-2.04,8556,259
34,Luke Humphries,2,2026-09-17,World Series of Darts Finals,MJ,Last 32,Won,6 V 4,Jermaine Wattimena,18,98.43,92.61,5.82,4823,147
34,Luke Humphries,3,2026-09-06,European Tour,ET,Final,Lost,6 V 8,Luke Littler,5403,94.81,95.25,-0.44,6352,201
34,Luke Humphries,4,2026-09-06,European Tour,ET,Semi Final,Won,7 V 4,Gerwyn Price,2,97.41,102.16,-4.75,5098,157
34,Luke Humphries,5,2026-09-06,European Tour,ET,Quarter Final,Won,6 V 3,William O&#039;Connor,30,91.54,84.67,6.87,4394,144
34,Luke Humphries,6,2026-09-06,European Tour,ET,Last 16,Won,6 V 3,Andrew Gilding,2088,93.93,93.64,0.29,4321,138
34,Luke Humphries,7,2026-09-05,European Tour,ET,Last 32,Won,6 V 2,Beau Greaves,138,108.98,98.85,10.13,3887,107
34,Luke Humphries,8,2026-08-29,European Tour,ET,Last 32,Lost,3 V 6,Dirk van Duijvenbode,14,92.67,98.34,-5.67,3923,127
34,Luke Humphries,9,2026-08-26,Players Championship,PT,Final,Won,8 V 6,Brendan Dolan,23,93.88,87.31,6.57,6540,209
34,Luke Humphries,10,2026-08-26,Players Championship,PT,Semi Final,Won,7 V 4,Mike De Decker,66,99.97,91.68,8.29,5365,161
2,Gerwyn Price,1,2026-09-20,World Series of Darts Finals,MJ,Final,Lost,5 V 11,Ross Smith,26,97.28,103.89,-6.61,7134,220
2,Gerwyn Price,2,2026-09-20,World Series of Darts Finals,MJ,Semi Final,Won,11 V 7,Jonny Clayton,20,104.07,95.62,8.45,8430,243
2,Gerwyn Price,3,2026-09-20,World Series of Darts Finals,MJ,Quarter Final,Won,10 V 7,James Wade,7,103.86,96.58,7.28,8274,239
2,Gerwyn Price,4,2026-09-19,World Series of Darts Finals,MJ,Last 16,Won,10 V 5,Jim Long,5147,97.91,88.73,9.18,7213,221
2,Gerwyn Price,5,2026-09-18,World Series of Darts Finals,MJ,Last 32,Won,6 V 4,Brody Klinge,5149,98.98,96.78,2.2,4652,141
2,Gerwyn Price,6,2026-09-13,European Tour,ET,Last 16,Lost,5 V 6,Ross Smith,26,92.29,92.37,-0.08,5045,164
2,Gerwyn Price,7,2026-09-12,European Tour,ET,Last 32,Won,6 V 3,Bradley Brooks,74,103.52,94.01,9.51,4348,126
2,Gerwyn Price,8,2026-09-06,European Tour,ET,Semi Final,Lost,4 V 7,Luke Humphries,34,102.16,97.41,4.75,5176,152
2,Gerwyn Price,9,2026-09-06,European Tour,ET,Quarter Final,Won,6 V 4,Ross Smith,26,100.5,97.55,2.95,4757,142
2,Gerwyn Price,10,2026-09-06,European Tour,ET,Last 16,Won,6 V 1,Cameron Menzies,2221,89.39,76.18,13.21,3397,114
10,Gary Anderson,1,2026-09-05,European Tour,ET,Last 32,Lost,3 V 6,Cameron Menzies,2221,84.63,95.82,-11.19,3752,133
10,Gary Anderson,2,2026-08-30,European Tour,ET,Final,Lost,2 V 8,Ross Smith,26,90.5,101.01,-10.51,4163,138
10,Gary Anderson,3,2026-08-30,European Tour,ET,Semi Final,Won,7 V 6,Nathan Aspinall,8,89.05,96.87,-7.82,5788,195
10,Gary Anderson,4,2026-08-30,European Tour,ET,Quarter Final,Won,6 V 5,Gian van Veen,2641,101.45,99.79,1.66,5140,152
10,Gary Anderson,5,2026-08-30,European Tour,ET,Last 16,Won,6 V 5,Stephen Bunting,36,97.36,95.01,2.35,5095,157
10,Gary Anderson,6,2026-08-29,European Tour,ET,Last 32,Won,6 V 2,Krzysztof Ratajski,12,105.27,88.26,17.01,3860,110
10,Gary Anderson,7,2026-07-23,World Matchplay,MJ,Quarter Final,Lost,13 V 16,Dirk van Duijvenbode,14,101.32,101.49,-0.17,13206,391
10,Gary Anderson,8,2026-07-21,World Matchplay,MJ,Last 16,Won,11 V 7,Jonny Clayton,20,98.13,97.72,0.41,8308,254
10,Gary Anderson,9,2026-07-19,World Matchplay,MJ,Last 32,Won,10 V 2,Ryan Joyce,28,109.96,95.49,14.47,5791,158
10,Gary Anderson,10,2026-07-07,Players Championship,PT,Last 64,Lost,4 V 6,Gian van Veen,2641,93.43,100.21,-6.78,4547,146
39,Chris Dobey,1,2026-09-23,Players Championship,PT,Quarter Final,Lost,5 V 6,Karel Sedlacek,62477,97.41,88.56,8.85,5195,160
39,Chris Dobey,2,2026-09-23,Players Championship,PT,Last 16,Won,6 V 3,Dirk van Duijvenbode,14,102.35,88.64,13.71,4401,129
39,Chris Dobey,3,2026-09-23,Players Championship,PT,Last 32,Won,6 V 2,Charlie Manby,5636,98.85,92.38,6.47,3921,119
39,Chris Dobey,4,2026-09-23,Players Championship,PT,Last 64,Won,6 V 1,Arno Merk,9975,92.78,79.0,13.78,3340,108
39,Chris Dobey,5,2026-09-23,Players Championship,PT,Last 128,Won,6 V 5,Gilbert van der Meijden,14023,98.56,90.55,8.01,5388,164
39,Chris Dobey,6,2026-09-22,Players Championship,PT,Quarter Final,Lost,5 V 6,Gian van Veen,2641,100.32,95.69,4.63,5083,152
39,Chris Dobey,7,2026-09-22,Players Championship,PT,Last 16,Won,6 V 3,Josh Rock,20114,106.62,96.61,10.01,4407,124
39,Chris Dobey,8,2026-09-22,Players Championship,PT,Last 32,Won,6 V 1,Maik Kuivenhoven,91,106.09,93.37,12.72,3501,99
39,Chris Dobey,9,2026-09-22,Players Championship,PT,Last 64,Won,6 V 0,Wesley Plaisier,2273,112.73,90.5,22.23,3006,80
39,Chris Dobey,10,2026-09-22,Players Championship,PT,Last 128,Won,6 V 0,Cam Crabtree,33021,103.66,98.5,5.16,3006,87
130,Wessel Nijman,1,2026-09-23,Players Championship,PT,Last 64,Lost,5 V 6,Kai Gotthardt,158,98.09,100.16,-2.07,4839,148
130,Wessel Nijman,2,2026-09-23,Players Championship,PT,Last 128,Won,6 V 3,David Sharp,6682,102.98,90.81,12.17,4325,126
130,Wessel Nijman,3,2026-09-22,Players Championship,PT,Last 16,Lost,4 V 6,Cameron Menzies,2221,99.06,93.04,6.02,4755,144
130,Wessel Nijman,4,2026-09-22,Players Championship,PT,Last 32,Won,6 V 3,Keane Barry,129,102.97,98.24,4.73,4256,124
130,Wessel Nijman,5,2026-09-22,Players Championship,PT,Last 64,Won,6 V 3,Viktor Tingstrom,3094,106.3,100.02,6.28,4181,118
130,Wessel Nijman,6,2026-09-22,Players Championship,PT,Last 128,Won,6 V 2,Nathan Potter,2931,106.83,89.42,17.41,3668,103
130,Wessel Nijman,7,2026-09-19,World Series of Darts Finals,MJ,Last 16,Lost,7 V 10,James Wade,7,98.47,101.4,-2.93,7582,231
130,Wessel Nijman,8,2026-09-18,World Series of Darts Finals,MJ,Last 32,Won,6 V 4,Simon Whitlock,15,98.25,85.78,12.47,4716,144
130,Wessel Nijman,9,2026-09-13,European Tour,ET,Last 16,Lost,4 V 6,Danny Noppert,22,97.02,100.13,-3.11,4560,141
130,Wessel Nijman,10,2026-09-12,European Tour,ET,Last 32,Won,6 V 4,Sebastian Bialecki,3038,92.49,92.73,-0.24,4717,153
3,Michael van Gerwen,1,2026-09-23,Players Championship,PT,Quarter Final,Lost,2 V 6,Scott Williams,5137,91.17,94.01,-2.84,3586,118
3,Michael van Gerwen,2,2026-09-23,Players Championship,PT,Last 16,Won,6 V 1,Brendan Dolan,23,96.97,80.41,16.56,3491,108
3,Michael van Gerwen,3,2026-09-23,Players Championship,PT,Last 32,Won,6 V 4,Jimmy van Schie,10123,107.47,95.23,12.24,4872,136
3,Michael van Gerwen,4,2026-09-23,Players Championship,PT,Last 64,Won,6 V 3,Ian White,17,87.97,86.18,1.79,4369,149
3,Michael van Gerwen,5,2026-09-23,Players Championship,PT,Last 128,Won,6 V 5,Benjamin Pratnemer,2278,96.49,95.62,0.87,5307,165
3,Michael van Gerwen,6,2026-09-22,Players Championship,PT,Last 128,Lost,3 V 6,Benjamin Pratnemer,2278,89.53,83.81,5.72,4178,140
3,Michael van Gerwen,7,2026-09-17,World Series of Darts Finals,MJ,Last 32,Lost,5 V 6,Daryl Gurney,24,96.2,97.7,-1.5,4874,152
3,Michael van Gerwen,8,2026-09-12,European Tour,ET,Last 32,Lost,5 V 6,Damon Heta,13,85.66,92.83,-7.17,4683,164
3,Michael van Gerwen,9,2026-09-06,European Tour,ET,Semi Final,Lost,3 V 7,Luke Littler,5403,83.53,106.64,-23.11,3703,133
3,Michael van Gerwen,10,2026-09-06,European Tour,ET,Quarter Final,Won,6 V 3,Jonny Clayton,20,97.79,88.84,8.95,4368,134
2641,Gian van Veen,1,2026-09-22,Players Championship,PT,Final,Lost,4 V 8,Cameron Menzies,2221,89.16,96.77,-7.61,5201,175
2641,Gian van Veen,2,2026-09-22,Players Championship,PT,Semi Final,Won,7 V 5,William O&#039;Connor,30,95.32,92.69,2.63,5497,173
2641,Gian van Veen,3,2026-09-22,Players Championship,PT,Quarter Final,Won,6 V 5,Chris Dobey,39,95.69,100.32,-4.63,4944,155
2641,Gian van Veen,4,2026-09-22,Players Championship,PT,Last 16,Won,6 V 5,Nathan Aspinall,8,100.79,104.18,-3.39,5073,151
2641,Gian van Veen,5,2026-09-22,Players Championship,PT,Last 32,Won,6 V 4,Darius Labanauskas,57,104.78,94.37,10.41,4785,137
2641,Gian van Veen,6,2026-09-22,Players Championship,PT,Last 64,Won,6 V 2,Daniel Klose,157,92.83,79.97,12.86,3837,124
2641,Gian van Veen,7,2026-09-22,Players Championship,PT,Last 128,Won,6 V 1,Tommy Morris,20140,97.86,88.02,9.84,3425,105
2641,Gian van Veen,8,2026-09-20,World Series of Darts Finals,MJ,Semi Final,Lost,8 V 11,Ross Smith,26,85.84,90.77,-4.93,8555,299
2641,Gian van Veen,9,2026-09-20,World Series of Darts Finals,MJ,Quarter Final,Won,10 V 8,Dirk van Duijvenbode,14,95.04,94.15,0.89,8237,260
2641,Gian van Veen,10,2026-09-19,World Series of Darts Finals,MJ,Last 16,Won,10 V 7,Karel Sedláček,44,101.52,103.3,-1.78,7986,236
8,Nathan Aspinall,1,2026-09-23,Players Championship,PT,Last 16,Lost,3 V 6,Karel Sedlacek,62477,82.13,91.18,-9.05,3942,144
8,Nathan Aspinall,2,2026-09-23,Players Championship,PT,Last 32,Won,6 V 3,Adam Paxton,2417,90.59,83.59,7.0,4439,147
8,Nathan Aspinall,3,2026-09-23,Players Championship,PT,Last 64,Won,6 V 3,Archie Self,16467,96.8,86.19,10.61,4453,138
8,Nathan Aspinall,4,2026-09-23,Players Championship,PT,Last 128,Won,6 V 2,Mervyn King,19,93.14,82.2,10.94,3912,126
8,Nathan Aspinall,5,2026-09-22,Players Championship,PT,Last 16,Lost,5 V 6,Gian van Veen,2641,104.18,100.79,3.39,5209,150
8,Nathan Aspinall,6,2026-09-22,Players Championship,PT,Last 32,Won,6 V 4,Daryl Gurney,24,103.07,90.92,12.15,4741,138
8,Nathan Aspinall,7,2026-09-22,Players Championship,PT,Last 64,Won,6 V 2,Bradley Brooks,74,102.21,92.76,9.45,3884,114
8,Nathan Aspinall,8,2026-09-22,Players Championship,PT,Last 128,Won,6 V 5,Mike De Decker,66,93.11,88.24,4.87,5183,167
8,Nathan Aspinall,9,2026-09-19,World Series of Darts Finals,MJ,Last 16,Lost,9 V 10,Luke Littler,5403,94.52,98.07,-3.55,8412,267
8,Nathan Aspinall,10,2026-09-18,World Series of Darts Finals,MJ,Last 32,Won,6 V 4,Raymond Smith,5136,95.46,89.9,5.56,4741,149
26,Ross Smith,1,2026-09-20,World Series of Darts Finals,MJ,Final,Won,11 V 5,Gerwyn Price,2,103.89,97.28,6.61,7757,224
26,Ross Smith,2,2026-09-20,World Series of Darts Finals,MJ,Semi Final,Won,11 V 8,Gian van Veen,2641,90.77,85.84,4.93,9168,303
26,Ross Smith,3,2026-09-20,World Series of Darts Finals,MJ,Quarter Final,Won,10 V 7,Josh Rock,20114,97.54,94.49,3.05,8031,247
26,Ross Smith,4,2026-09-19,World Series of Darts Finals,MJ,Last 16,Won,10 V 5,Daryl Gurney,24,100.3,94.57,5.73,6854,205
26,Ross Smith,5,2026-09-17,World Series of Darts Finals,MJ,Last 32,Won,6 V 3,Kevin Doets,2052,102.98,95.9,7.08,4428,129
26,Ross Smith,6,2026-09-13,European Tour,ET,Final,Lost,4 V 8,James Wade,7,94.82,95.5,-0.68,5468,173
26,Ross Smith,7,2026-09-13,European Tour,ET,Semi Final,Won,7 V 6,Gian van Veen,2641,94.31,92.89,1.42,5910,188
26,Ross Smith,8,2026-09-13,European Tour,ET,Quarter Final,Won,6 V 5,Ryan Joyce,28,90.42,86.26,4.16,5395,179
26,Ross Smith,9,2026-09-13,European Tour,ET,Last 16,Won,6 V 5,Gerwyn Price,2,92.37,92.29,0.08,5111,166
26,Ross Smith,10,2026-09-12,European Tour,ET,Last 32,Won,6 V 2,Jeffrey de Graaf,2092,100.21,92.46,7.75,3808,114
36,Stephen Bunting,1,2026-09-17,World Series of Darts Finals,MJ,Last 32,Lost,5 V 6,Josh Rock,20114,101.1,102.04,-0.94,4718,140
36,Stephen Bunting,2,2026-09-13,European Tour,ET,Last 16,Lost,4 V 6,Nathan Aspinall,8,87.29,93.37,-6.08,4452,153
36,Stephen Bunting,3,2026-09-12,European Tour,ET,Last 32,Won,6 V 5,Brendan Dolan,23,95.19,101.76,-6.57,4950,156
36,Stephen Bunting,4,2026-09-05,European Tour,ET,Last 32,Lost,4 V 6,Luke Woodhouse,70,103.23,105.3,-2.07,4439,129
36,Stephen Bunting,5,2026-08-30,European Tour,ET,Last 16,Lost,5 V 6,Gary Anderson,10,95.01,97.36,-2.35,4972,157
36,Stephen Bunting,6,2026-08-29,European Tour,ET,Last 32,Won,6 V 1,Jonas Masalin,7856,97.86,88.88,8.98,3262,100
36,Stephen Bunting,7,2026-08-22,World Series of Darts,WS,Quarter Final,Lost,5 V 6,James Wade,7,95.6,98.57,-2.97,5035,158
36,Stephen Bunting,8,2026-08-21,World Series of Darts,WS,Last 16,Won,6 V 3,Mal Cuming,5148,89.01,87.35,1.66,4421,149
36,Stephen Bunting,9,2026-08-14,World Series of Darts,WS,Last 16,Lost,2 V 6,Raymond Smith,5136,99.3,99.81,-0.51,3608,109
36,Stephen Bunting,10,2026-07-21,World Matchplay,MJ,Last 16,Lost,6 V 11,Josh Rock,20114,82.9,91.18,-8.28,7295,264
2052,Kevin Doets,1,2026-09-23,Players Championship,PT,Last 16,Lost,4 V 6,Steve Lennon,46,96.35,94.4,1.95,4657,145
2052,Kevin Doets,2,2026-09-23,Players Championship,PT,Last 32,Won,6 V 2,Mickey Mansell,65,92.3,78.87,13.43,3938,128
2052,Kevin Doets,3,2026-09-23,Players Championship,PT,Last 64,Won,6 V 4,Lewis Pride,2280,91.9,93.12,-1.22,4442,145
2052,Kevin Doets,4,2026-09-23,Players Championship,PT,Last 128,Won,6 V 2,Rhys Griffin,271,82.37,77.96,4.41,3899,142
2052,Kevin Doets,5,2026-09-22,Players Championship,PT,Semi Final,Lost,5 V 7,Cameron Menzies,2221,99.54,91.32,8.22,5574,168
2052,Kevin Doets,6,2026-09-22,Players Championship,PT,Quarter Final,Won,6 V 2,Jermaine Wattimena,18,104.63,90.61,14.02,3976,114
2052,Kevin Doets,7,2026-09-22,Players Championship,PT,Last 16,Won,6 V 5,Cristo Reyes,63,92.56,92.93,-0.37,4844,157
2052,Kevin Doets,8,2026-09-22,Players Championship,PT,Last 32,Won,6 V 4,Henry Coates,5628,113.9,105.8,8.1,4632,122
2052,Kevin Doets,9,2026-09-22,Players Championship,PT,Last 64,Won,6 V 2,Kai Gotthardt,158,92.02,87.73,4.29,3926,128
2052,Kevin Doets,10,2026-09-22,Players Championship,PT,Last 128,Won,6 V 0,Jeffrey Sparidaans,5172,99.1,86.28,12.82,3006,91
20,Jonny Clayton,1,2026-09-20,World Series of Darts Finals,MJ,Semi Final,Lost,7 V 11,Gerwyn Price,2,95.62,104.07,-8.45,7522,236
20,Jonny Clayton,2,2026-09-20,World Series of Darts Finals,MJ,Quarter Final,Won,10 V 4,Luke Littler,5403,96.13,95.85,0.28,6569,205
20,Jonny Clayton,3,2026-09-19,World Series of Darts Finals,MJ,Last 16,Won,10 V 8,Motomu Sakai,18777,90.82,90.75,0.07,8628,285
20,Jonny Clayton,4,2026-09-18,World Series of Darts Finals,MJ,Last 32,Won,6 V 3,Maik Kuivenhoven,91,89.37,86.31,3.06,4409,148
20,Jonny Clayton,5,2026-09-06,European Tour,ET,Quarter Final,Lost,3 V 6,Michael van Gerwen,3,88.84,97.79,-8.95,3968,134
20,Jonny Clayton,6,2026-09-06,European Tour,ET,Last 16,Won,6 V 4,Keane Barry,129,96.94,98.25,-1.31,4556,141
20,Jonny Clayton,7,2026-09-05,European Tour,ET,Last 32,Won,6 V 2,Damon Heta,13,93.83,85.55,8.28,3847,123
20,Jonny Clayton,8,2026-08-30,European Tour,ET,Last 16,Lost,4 V 6,Ross Smith,26,96.85,92.83,4.02,4778,148
20,Jonny Clayton,9,2026-08-29,European Tour,ET,Last 32,Won,6 V 3,Laszlo Kadar,5327,92.79,85.43,7.36,4330,140
20,Jonny Clayton,10,2026-08-22,World Series of Darts,WS,Semi Final,Lost,5 V 7,Brody Klinge,5149,98.89,101.59,-2.7,5274,160
14,Dirk van Duijvenbode,1,2026-09-23,Players Championship,PT,Last 16,Lost,3 V 6,Chris Dobey,39,88.64,102.35,-13.71,3723,126
14,Dirk van Duijvenbode,2,2026-09-23,Players Championship,PT,Last 32,Won,6 V 2,Tom Sykes,50760,96.94,90.96,5.98,3910,121
14,Dirk van Duijvenbode,3,2026-09-23,Players Championship,PT,Last 64,Won,6 V 3,Michael Smith,5,88.33,80.29,8.04,4387,149
14,Dirk van Duijvenbode,4,2026-09-23,Players Championship,PT,Last 128,Won,6 V 1,Viktor Tingstrom,3094,83.78,74.39,9.39,3407,122
14,Dirk van Duijvenbode,5,2026-09-22,Players Championship,PT,Last 64,Lost,5 V 6,Adam Gawlas,134,93.84,91.13,2.71,5255,168
14,Dirk van Duijvenbode,6,2026-09-22,Players Championship,PT,Last 128,Won,6 V 2,Filip Bereza,46130,82.0,76.12,5.88,3936,144
14,Dirk van Duijvenbode,7,2026-09-20,World Series of Darts Finals,MJ,Quarter Final,Lost,8 V 10,Gian van Veen,2641,94.15,95.04,-0.89,7971,254
14,Dirk van Duijvenbode,8,2026-09-19,World Series of Darts Finals,MJ,Last 16,Won,10 V 9,Luke Humphries,34,101.14,99.1,2.04,8833,262
14,Dirk van Duijvenbode,9,2026-09-17,World Series of Darts Finals,MJ,Last 32,Won,6 V 4,Viktor Tingstrom,3094,93.96,87.18,6.78,4917,157
14,Dirk van Duijvenbode,10,2026-09-11,European Tour,ET,Last 48 (Premier),Lost,3 V 6,Brendan Dolan,23,87.78,80.56,7.22,4184,143
29,Rob Cross,1,2026-09-17,World Series of Darts Finals,MJ,Last 32,Lost,2 V 6,Ryan Searle,31,98.14,97.59,0.55,3762,115
29,Rob Cross,2,2026-09-13,European Tour,ET,Last 16,Lost,5 V 6,James Wade,7,96.33,101.59,-5.26,4913,153
29,Rob Cross,3,2026-09-12,European Tour,ET,Last 32,Won,6 V 4,Martin Schindler,82,92.98,84.67,8.31,4742,153
29,Rob Cross,4,2026-09-11,European Tour,ET,Last 48 (Premier),Won,6 V 3,Cristo Reyes,63,104.64,102.68,1.96,4116,118
29,Rob Cross,5,2026-09-04,European Tour,ET,Last 48 (Premier),Lost,4 V 6,Keane Barry,129,86.12,89.73,-3.61,4478,156
29,Rob Cross,6,2026-08-30,European Tour,ET,Last 16,Lost,4 V 6,Dirk van Duijvenbode,14,91.38,98.94,-7.56,4447,146
29,Rob Cross,7,2026-08-29,European Tour,ET,Last 32,Won,6 V 5,Luke Woodhouse,70,100.54,100.12,0.42,5161,154
29,Rob Cross,8,2026-08-28,European Tour,ET,Last 48 (Premier),Won,6 V 5,Beau Greaves,138,101.9,104.88,-2.98,4959,146
29,Rob Cross,9,2026-08-25,Players Championship,PT,Last 16,Lost,3 V 6,Kevin Doets,2052,85.43,82.33,3.1,4414,155
29,Rob Cross,10,2026-08-25,Players Championship,PT,Last 32,Won,6 V 5,Martin Schindler,82,99.43,100.26,-0.83,5104,154
7,James Wade,1,2026-09-20,World Series of Darts Finals,MJ,Quarter Final,Lost,7 V 10,Gerwyn Price,2,96.58,103.86,-7.28,7694,239
7,James Wade,2,2026-09-19,World Series of Darts Finals,MJ,Last 16,Won,10 V 7,Wessel Nijman,130,101.4,98.47,2.93,7808,231
7,James Wade,3,2026-09-18,World Series of Darts Finals,MJ,Last 32,Won,6 V 5,Damon Heta,13,92.47,88.41,4.06,5363,174
7,James Wade,4,2026-09-13,European Tour,ET,Final,Won,8 V 4,Ross Smith,26,95.5,94.82,0.68,5571,175
7,James Wade,5,2026-09-13,European Tour,ET,Semi Final,Won,7 V 4,Damon Heta,13,97.5,94.0,3.5,5200,160
7,James Wade,6,2026-09-13,European Tour,ET,Quarter Final,Won,6 V 0,Danny Noppert,22,99.1,94.21,4.89,3006,91
7,James Wade,7,2026-09-13,European Tour,ET,Last 16,Won,6 V 5,Rob Cross,29,101.59,96.33,5.26,5215,154
7,James Wade,8,2026-09-12,European Tour,ET,Last 32,Won,6 V 2,Jim Long,5147,96.77,96.71,0.06,3903,121
7,James Wade,9,2026-08-22,World Series of Darts,WS,Final,Won,8 V 5,Brody Klinge,5149,101.62,104.56,-2.94,6131,181
7,James Wade,10,2026-08-22,World Series of Darts,WS,Semi Final,Won,7 V 4,Gerwyn Price,2,101.27,94.17,7.1,5266,156
22,Danny Noppert,1,2026-09-23,Players Championship,PT,Last 64,Lost,5 V 6,Scott Williams,5137,101.83,99.08,2.75,5363,158
22,Danny Noppert,2,2026-09-23,Players Championship,PT,Last 128,Won,6 V 4,Adam Warner,20667,98.58,87.81,10.77,4732,144
22,Danny Noppert,3,2026-09-22,Players Championship,PT,Last 16,Lost,4 V 6,Jeffrey de Graaf,2092,94.96,97.14,-2.18,4495,142
22,Danny Noppert,4,2026-09-22,Players Championship,PT,Last 32,Won,6 V 4,Beau Greaves,138,97.45,94.96,2.49,4840,149
22,Danny Noppert,5,2026-09-22,Players Championship,PT,Last 64,Won,6 V 4,Lukas Wenig,148,98.41,87.83,10.58,4691,143
22,Danny Noppert,6,2026-09-22,Players Championship,PT,Last 128,Won,6 V 5,Jimmy van Schie,10123,106.74,102.33,4.41,5088,143
22,Danny Noppert,7,2026-09-18,World Series of Darts Finals,MJ,Last 32,Lost,4 V 6,Luke Littler,5403,91.76,98.2,-6.44,4496,147
22,Danny Noppert,8,2026-09-13,European Tour,ET,Quarter Final,Lost,0 V 6,James Wade,7,94.21,99.1,-4.89,2638,84
22,Danny Noppert,9,2026-09-13,European Tour,ET,Last 16,Won,6 V 4,Wessel Nijman,130,100.13,97.02,3.11,4706,141
22,Danny Noppert,10,2026-09-12,European Tour,ET,Last 32,Won,6 V 2,Chris Landman,5183,97.71,89.12,8.59,3778,116
31,Ryan Searle,1,2026-09-19,World Series of Darts Finals,MJ,Last 16,Lost,7 V 10,Josh Rock,20114,90.6,95.11,-4.51,7218,239
31,Ryan Searle,2,2026-09-17,World Series of Darts Finals,MJ,Last 32,Won,6 V 2,Rob Cross,29,97.59,98.14,-0.55,3806,117
31,Ryan Searle,3,2026-09-13,European Tour,ET,Last 16,Lost,5 V 6,Chris Dobey,39,87.97,87.58,0.39,5190,177
31,Ryan Searle,4,2026-09-12,European Tour,ET,Last 32,Won,6 V 2,Andy Baetens,5146,95.52,88.33,7.19,3980,125
31,Ryan Searle,5,2026-09-05,European Tour,ET,Last 32,Lost,4 V 6,William O&#039;Connor,30,91.81,91.54,0.27,4560,149
31,Ryan Searle,6,2026-08-30,European Tour,ET,Last 16,Lost,4 V 6,Danny Noppert,22,97.19,93.32,3.87,4730,146
31,Ryan Searle,7,2026-08-29,European Tour,ET,Last 32,Won,6 V 4,Niko Springer,196,97.31,94.23,3.08,4671,144
31,Ryan Searle,8,2026-08-25,Players Championship,PT,Last 16,Lost,5 V 6,Mickey Mansell,65,89.17,96.4,-7.23,4845,163
31,Ryan Searle,9,2026-08-25,Players Championship,PT,Last 32,Won,6 V 5,Adam Gawlas,134,98.87,92.15,6.72,5273,160
31,Ryan Searle,10,2026-08-25,Players Championship,PT,Last 64,Won,6 V 5,Justin Hood,2138,98.66,96.09,2.57,5196,158
20114,Josh Rock,1,2026-09-23,Players Championship,PT,Last 128,Lost,1 V 6,Mario Vandenbogaerde,2363,89.51,95.86,-6.35,3133,105
20114,Josh Rock,2,2026-09-22,Players Championship,PT,Last 16,Lost,3 V 6,Chris Dobey,39,96.61,106.62,-10.01,3929,122
20114,Josh Rock,3,2026-09-22,Players Championship,PT,Last 32,Won,6 V 1,Sebastian Bialecki,3038,99.06,93.29,5.77,3467,105
20114,Josh Rock,4,2026-09-22,Players Championship,PT,Last 64,Won,6 V 5,Brendan Dolan,23,93.89,86.35,7.54,5195,166
20114,Josh Rock,5,2026-09-22,Players Championship,PT,Last 128,Won,6 V 2,Alan Soutar,5138,100.13,93.89,6.24,3738,112
20114,Josh Rock,6,2026-09-20,World Series of Darts Finals,MJ,Quarter Final,Lost,7 V 10,Ross Smith,26,94.49,97.54,-3.05,7748,246
20114,Josh Rock,7,2026-09-19,World Series of Darts Finals,MJ,Last 16,Won,10 V 7,Ryan Searle,31,95.11,90.6,4.51,7894,249
20114,Josh Rock,8,2026-09-17,World Series of Darts Finals,MJ,Last 32,Won,6 V 5,Stephen Bunting,36,102.04,101.1,0.94,4966,146
20114,Josh Rock,9,2026-09-12,European Tour,ET,Last 32,Lost,3 V 6,Ryan Joyce,28,92.91,93.09,-0.18,4150,134
20114,Josh Rock,10,2026-09-06,European Tour,ET,Last 16,Lost,5 V 6,William O&#039;Connor,30,93.57,93.43,0.14,5209,167
70,Luke Woodhouse,1,2026-09-23,Players Championship,PT,Last 16,Lost,4 V 6,Niels Zonneveld,55,93.79,99.76,-5.97,4377,140
70,Luke Woodhouse,2,2026-09-23,Players Championship,PT,Last 32,Won,6 V 5,Keane Barry,129,101.09,97.42,3.67,5324,158
70,Luke Woodhouse,3,2026-09-23,Players Championship,PT,Last 64,Won,6 V 1,Leon Weber,32046,95.32,74.06,21.26,3495,110
70,Luke Woodhouse,4,2026-09-23,Players Championship,PT,Last 128,Won,6 V 4,Justin Hood,2138,102.93,100.85,2.08,4735,138
70,Luke Woodhouse,5,2026-09-22,Players Championship,PT,Last 128,Lost,5 V 6,Ritchie Edhouse,2062,97.41,99.94,-2.53,5098,157
70,Luke Woodhouse,6,2026-09-13,European Tour,ET,Last 16,Lost,3 V 6,Damon Heta,13,102.97,101.38,1.59,4016,117
70,Luke Woodhouse,7,2026-09-12,European Tour,ET,Last 32,Won,6 V 3,William O&#039;Connor,30,98.63,95.7,2.93,4274,130
70,Luke Woodhouse,8,2026-09-06,European Tour,ET,Last 16,Lost,5 V 6,Danny Noppert,22,97.99,97.12,0.87,5030,154
70,Luke Woodhouse,9,2026-09-05,European Tour,ET,Last 32,Won,6 V 4,Stephen Bunting,36,105.3,103.23,2.07,4598,131
70,Luke Woodhouse,10,2026-09-04,European Tour,ET,Last 48 (Premier),Won,6 V 4,Connor Scutt,2317,104.3,97.4,6.9,4798,138
18,Jermaine Wattimena,1,2026-09-23,Players Championship,PT,Semi Final,Lost,4 V 7,Scott Williams,5137,90.25,99.95,-9.7,4663,155
18,Jermaine Wattimena,2,2026-09-23,Players Championship,PT,Quarter Final,Won,6 V 5,Steve Lennon,46,96.06,97.56,-1.5,5187,162
18,Jermaine Wattimena,3,2026-09-23,Players Championship,PT,Last 16,Won,6 V 5,Martin Schindler,82,96.63,96.25,0.38,5218,162
18,Jermaine Wattimena,4,2026-09-23,Players Championship,PT,Last 32,Won,6 V 2,Adam Gawlas,134,101.92,90.21,11.71,3975,117
18,Jermaine Wattimena,5,2026-09-23,Players Championship,PT,Last 64,Won,6 V 4,Marvin van Velzen,2895,103.74,95.98,7.76,4703,136
18,Jermaine Wattimena,6,2026-09-23,Players Championship,PT,Last 128,Won,6 V 4,Jim Long,5147,98.07,94.34,3.73,4838,148
18,Jermaine Wattimena,7,2026-09-22,Players Championship,PT,Quarter Final,Lost,2 V 6,Kevin Doets,2052,90.61,104.63,-14.02,3413,113
18,Jermaine Wattimena,8,2026-09-22,Players Championship,PT,Last 16,Won,6 V 3,Callan Rydz,35,100.86,99.37,1.49,4438,132
18,Jermaine Wattimena,9,2026-09-22,Players Championship,PT,Last 32,Won,6 V 3,Ricardo Pietreczko,153,106.74,93.74,13.0,4305,121
18,Jermaine Wattimena,10,2026-09-22,Players Championship,PT,Last 64,Won,6 V 3,Jeffrey de Zwaan,48,100.56,93.58,6.98,4324,129
12,Krzysztof Ratajski,1,2026-09-23,Players Championship,PT,Last 128,Lost,3 V 6,Cam Crabtree,33021,95.89,95.17,0.72,4187,131
12,Krzysztof Ratajski,2,2026-09-22,Players Championship,PT,Last 128,Lost,4 V 6,Martijn Dragt,7302,94.14,98.18,-4.04,4142,132
12,Krzysztof Ratajski,3,2026-09-12,European Tour,ET,Last 32,Lost,5 V 6,Kevin Doets,2052,93.49,93.27,0.22,5142,165
12,Krzysztof Ratajski,4,2026-09-06,European Tour,ET,Last 16,Lost,3 V 6,Luke Littler,5403,99.61,99.21,0.4,4217,127
12,Krzysztof Ratajski,5,2026-09-05,European Tour,ET,Last 32,Won,6 V 2,Jermaine Wattimena,18,101.53,95.41,6.12,3858,114
12,Krzysztof Ratajski,6,2026-09-04,European Tour,ET,Last 48 (Premier),Won,6 V 2,Adam Gawlas,134,92.74,88.24,4.5,3864,125
12,Krzysztof Ratajski,7,2026-08-29,European Tour,ET,Last 32,Lost,2 V 6,Gary Anderson,10,88.26,105.27,-17.01,3089,105
12,Krzysztof Ratajski,8,2026-08-28,European Tour,ET,Last 48 (Premier),Won,6 V 5,Callan Rydz,35,92.57,94.82,-2.25,5184,168
12,Krzysztof Ratajski,9,2026-08-26,Players Championship,PT,Quarter Final,Lost,4 V 6,Luke Littler,5403,99.99,100.65,-0.66,4666,140
12,Krzysztof Ratajski,10,2026-08-26,Players Championship,PT,Last 16,Won,6 V 2,Greg Ritchie,2295,91.78,89.4,2.38,3549,116
13,Damon Heta,1,2026-09-23,Players Championship,PT,Last 32,Lost,1 V 6,Karel Sedlacek,62477,97.37,105.52,-8.15,2986,92
13,Damon Heta,2,2026-09-23,Players Championship,PT,Last 64,Won,6 V 3,Darius Labanauskas,57,93.51,86.87,6.64,4395,141
13,Damon Heta,3,2026-09-23,Players Championship,PT,Last 128,Won,6 V 2,Dominik Gruellich,254,99.36,97.59,1.77,3875,117
13,Damon Heta,4,2026-09-22,Players Championship,PT,Last 128,Lost,5 V 6,Callan Rydz,35,100.14,104.13,-3.99,4940,148
13,Damon Heta,5,2026-09-18,World Series of Darts Finals,MJ,Last 32,Lost,5 V 6,James Wade,7,88.41,92.47,-4.06,5275,179
13,Damon Heta,6,2026-09-13,European Tour,ET,Semi Final,Lost,4 V 7,James Wade,7,94.0,97.5,-3.5,4982,159
13,Damon Heta,7,2026-09-13,European Tour,ET,Quarter Final,Won,6 V 5,Nathan Aspinall,8,92.67,99.2,-6.53,5035,163
13,Damon Heta,8,2026-09-13,European Tour,ET,Last 16,Won,6 V 3,Luke Woodhouse,70,101.38,102.97,-1.59,4055,120
13,Damon Heta,9,2026-09-12,European Tour,ET,Last 32,Won,6 V 5,Michael van Gerwen,3,92.83,85.66,7.17,5044,163
13,Damon Heta,10,2026-09-11,European Tour,ET,Last 48 (Premier),Won,6 V 5,Beau Greaves,138,90.62,92.96,-2.34,5105,169
55,Niels Zonneveld,1,2026-09-23,Players Championship,PT,Semi Final,Lost,2 V 7,Karel Sedlacek,62477,97.07,95.96,1.11,4077,126
55,Niels Zonneveld,2,2026-09-23,Players Championship,PT,Quarter Final,Won,6 V 4,Raymond van Barneveld,1982,93.06,83.56,9.5,4839,156
55,Niels Zonneveld,3,2026-09-23,Players Championship,PT,Last 16,Won,6 V 4,Luke Woodhouse,70,99.76,93.79,5.97,4622,139
55,Niels Zonneveld,4,2026-09-23,Players Championship,PT,Last 32,Won,6 V 5,Sebastian Bialecki,3038,96.53,95.23,1.3,5148,160
55,Niels Zonneveld,5,2026-09-23,Players Championship,PT,Last 64,Won,6 V 1,Stephen Rosney,3057,98.51,87.71,10.8,3415,104
55,Niels Zonneveld,6,2026-09-23,Players Championship,PT,Last 128,Won,6 V 2,Sietse Lap,24689,106.47,95.33,11.14,3833,108
55,Niels Zonneveld,7,2026-09-22,Players Championship,PT,Last 64,Lost,4 V 6,Scott Williams,5137,98.32,100.14,-1.82,4490,137
55,Niels Zonneveld,8,2026-09-22,Players Championship,PT,Last 128,Won,6 V 1,Christian Kist,2171,92.89,91.53,1.36,3251,105
55,Niels Zonneveld,9,2026-09-12,European Tour,ET,Last 32,Lost,1 V 6,Chris Dobey,39,82.11,86.85,-4.74,3175,116
55,Niels Zonneveld,10,2026-09-11,European Tour,ET,Last 48 (Premier),Won,6 V 3,Petr Tous,49302,98.24,84.7,13.54,4421,135
2138,Justin Hood,1,2026-09-23,Players Championship,PT,Last 128,Lost,4 V 6,Luke Woodhouse,70,100.85,102.93,-2.08,4370,130
2138,Justin Hood,2,2026-09-22,Players Championship,PT,Last 128,Lost,1 V 6,Ted Evetts,93,84.21,92.13,-7.92,3200,114
2138,Justin Hood,3,2026-08-26,Players Championship,PT,Last 16,Lost,1 V 6,Owen Bates,14661,94.28,103.57,-9.29,2954,94
2138,Justin Hood,4,2026-08-26,Players Championship,PT,Last 32,Won,6 V 1,Ryan Joyce,28,100.7,87.54,13.16,3491,104
2138,Justin Hood,5,2026-08-26,Players Championship,PT,Last 64,Won,6 V 3,Jeffrey de Zwaan,48,88.96,88.15,0.81,4211,142
2138,Justin Hood,6,2026-08-26,Players Championship,PT,Last 128,Won,6 V 5,Tommy Morris,20140,92.01,85.18,6.83,5306,173
2138,Justin Hood,7,2026-08-25,Players Championship,PT,Last 64,Lost,5 V 6,Ryan Searle,31,96.09,98.66,-2.57,5093,159
2138,Justin Hood,8,2026-08-25,Players Championship,PT,Last 128,Won,6 V 4,Shane McGuirk,3043,99.63,93.17,6.46,4716,142
2138,Justin Hood,9,2026-08-24,World Series Finals Tour Card Qualifier,Q,Semi Final,Lost,4 V 6,Owen Bates,14661,88.29,87.22,1.07,4709,160
2138,Justin Hood,10,2026-08-24,World Series Finals Tour Card Qualifier,Q,Quarter Final,Won,6 V 5,Michael Smith,5,102.2,93.91,8.29,5144,151
63,Cristo Reyes,1,2026-09-23,Players Championship,PT,Last 128,Lost,3 V 6,Tom Sykes,50760,99.32,103.97,-4.65,4072,123
63,Cristo Reyes,2,2026-09-22,Players Championship,PT,Last 16,Lost,5 V 6,Kevin Doets,2052,92.93,92.56,0.37,4956,160
63,Cristo Reyes,3,2026-09-22,Players Championship,PT,Last 32,Won,6 V 1,Adam Gawlas,134,94.35,77.94,16.41,3491,111
63,Cristo Reyes,4,2026-09-22,Players Championship,PT,Last 64,Won,6 V 2,Gilbert van der Meijden,14023,106.82,81.98,24.84,3988,112
63,Cristo Reyes,5,2026-09-22,Players Championship,PT,Last 128,Won,6 V 1,Ian White,17,110.59,93.41,17.18,3502,95
63,Cristo Reyes,6,2026-09-11,European Tour,ET,Last 48 (Premier),Lost,3 V 6,Rob Cross,29,102.68,104.64,-1.96,3902,114
63,Cristo Reyes,7,2026-09-04,European Tour,ET,Last 48 (Premier),Lost,1 V 6,Callan Rydz,35,86.88,96.14,-9.26,2983,103
63,Cristo Reyes,8,2026-08-28,European Tour,ET,Last 48 (Premier),Lost,3 V 6,Ryan Joyce,28,96.11,86.87,9.24,4421,138
63,Cristo Reyes,9,2026-08-26,Players Championship,PT,Last 32,Lost,3 V 6,Danny Noppert,22,94.06,97.69,-3.63,3982,127
63,Cristo Reyes,10,2026-08-26,Players Championship,PT,Last 64,Won,6 V 3,Cam Crabtree,33021,96.77,92.24,4.53,4129,128
2092,Jeffrey de Graaf,1,2026-09-23,Players Championship,PT,Last 128,Lost,2 V 6,Alexander Merkx,2223,85.94,87.72,-1.78,3724,130
2092,Jeffrey de Graaf,2,2026-09-22,Players Championship,PT,Quarter Final,Lost,3 V 6,Cameron Menzies,2221,86.1,97.29,-11.19,3903,136
2092,Jeffrey de Graaf,3,2026-09-22,Players Championship,PT,Last 16,Won,6 V 4,Danny Noppert,22,97.14,94.96,2.18,4533,140
2092,Jeffrey de Graaf,4,2026-09-22,Players Championship,PT,Last 32,Won,6 V 1,Andrew Gilding,2088,91.07,94.5,-3.43,3157,104
2092,Jeffrey de Graaf,5,2026-09-22,Players Championship,PT,Last 64,Won,6 V 2,Connor Scutt,2317,87.3,83.45,3.85,3754,129
2092,Jeffrey de Graaf,6,2026-09-22,Players Championship,PT,Last 128,Won,6 V 1,Mervyn King,19,100.71,96.0,4.71,3357,100
2092,Jeffrey de Graaf,7,2026-09-12,European Tour,ET,Last 32,Lost,2 V 6,Ross Smith,26,92.46,100.21,-7.75,3606,117
2092,Jeffrey de Graaf,8,2026-09-11,European Tour,ET,Last 48 (Premier),Won,6 V 5,Jeroen Caron,5571,89.45,86.38,3.07,5248,176
2092,Jeffrey de Graaf,9,2026-09-05,European Tour,ET,Last 32,Lost,1 V 6,Gian van Veen,2641,96.59,100.88,-4.29,3284,102
2092,Jeffrey de Graaf,10,2026-09-04,European Tour,ET,Last 48 (Premier),Won,6 V 3,Niels Zonneveld,55,94.21,96.84,-2.63,4208,134
44,Karel Sedláček,1,2026-09-22,Players Championship,PT,Last 64,Lost,5 V 6,Archie Self,16467,98.54,95.57,2.97,5157,157
44,Karel Sedláček,2,2026-09-22,Players Championship,PT,Last 128,Won,6 V 4,Carl Sneyd,23238,100.14,99.61,0.53,4740,142
44,Karel Sedláček,3,2026-09-19,World Series of Darts Finals,MJ,Last 16,Lost,7 V 10,Gian van Veen,2641,103.3,101.52,1.78,7920,230
44,Karel Sedláček,4,2026-09-17,World Series of Darts Finals,MJ,Last 32,Won,6 V 4,Ben Robb,2297,99.37,93.15,6.22,4604,139
44,Karel Sedláček,5,2026-09-12,European Tour,ET,Last 32,Lost,3 V 6,Jermaine Wattimena,18,91.96,95.56,-3.6,3985,130
44,Karel Sedláček,6,2026-09-11,European Tour,ET,Last 48 (Premier),Won,6 V 2,Michael Hansen,17328,86.07,76.31,9.76,3873,135
44,Karel Sedláček,7,2026-09-04,European Tour,ET,Last 48 (Premier),Lost,4 V 6,Damon Heta,13,90.24,94.56,-4.32,4452,148
44,Karel Sedláček,8,2026-09-03,European Tour Home Nation Qualifier,Q,Final,Won,6 V 1,David Svarovsky,15291,98.34,88.64,9.7,3442,105
44,Karel Sedláček,9,2026-09-03,European Tour Home Nation Qualifier,Q,Semi Final,Won,6 V 1,Daniel Varga,60700,87.48,73.77,13.71,3499,120
44,Karel Sedláček,10,2026-09-03,European Tour Home Nation Qualifier,Q,Quarter Final,Won,6 V 0,Simon Hajek,38777,98.02,72.63,25.39,3006,92
30,William O&#039;Connor,1,2026-09-23,Players Championship,PT,Last 128,Lost,5 V 6,Oskar Lukasiak,5178,92.3,93.36,-1.06,5107,166
30,William O&#039;Connor,2,2026-09-22,Players Championship,PT,Semi Final,Lost,5 V 7,Gian van Veen,2641,92.69,95.32,-2.63,5407,175
30,William O&#039;Connor,3,2026-09-22,Players Championship,PT,Quarter Final,Won,6 V 3,Oskar Lukasiak,5178,89.92,85.08,4.84,4346,145
30,William O&#039;Connor,4,2026-09-22,Players Championship,PT,Last 16,Won,6 V 4,Cor Dekker,2046,97.91,95.39,2.52,4602,141
30,William O&#039;Connor,5,2026-09-22,Players Championship,PT,Last 32,Won,6 V 4,Archie Self,16467,98.17,92.26,5.91,4712,144
30,William O&#039;Connor,6,2026-09-22,Players Championship,PT,Last 64,Won,6 V 4,Greg Ritchie,2295,97.47,88.93,8.54,4711,145
30,William O&#039;Connor,7,2026-09-22,Players Championship,PT,Last 128,Won,6 V 0,Tytus Kanik,2167,93.94,84.16,9.78,3006,96
30,William O&#039;Connor,8,2026-09-12,European Tour,ET,Last 32,Lost,3 V 6,Luke Woodhouse,70,95.7,98.63,-2.93,4115,129
30,William O&#039;Connor,9,2026-09-11,European Tour,ET,Last 48 (Premier),Won,6 V 2,Kevin Lankhuizen,27493,93.27,84.25,9.02,3793,122
30,William O&#039;Connor,10,2026-09-06,European Tour,ET,Quarter Final,Lost,3 V 6,Luke Humphries,34,84.67,91.54,-6.87,4036,143
82,Martin Schindler,1,2026-09-23,Players Championship,PT,Last 16,Lost,5 V 6,Jermaine Wattimena,18,96.25,96.63,-0.38,5101,159
82,Martin Schindler,2,2026-09-23,Players Championship,PT,Last 32,Won,6 V 1,Tommy Morris,20140,98.35,86.5,11.85,3475,106
82,Martin Schindler,3,2026-09-23,Players Championship,PT,Last 64,Won,6 V 2,Alan Soutar,5138,88.9,93.29,-4.39,3645,123
82,Martin Schindler,4,2026-09-23,Players Championship,PT,Last 128,Won,6 V 4,Matthias Ehlers,15426,99.15,91.3,7.85,4561,138
82,Martin Schindler,5,2026-09-22,Players Championship,PT,Last 128,Lost,5 V 6,Thomas Lovely,2199,98.14,96.92,1.22,5136,157
82,Martin Schindler,6,2026-09-12,European Tour,ET,Last 32,Lost,4 V 6,Rob Cross,29,84.67,92.98,-8.31,4318,153
82,Martin Schindler,7,2026-09-05,European Tour,ET,Last 32,Lost,5 V 6,Wessel Nijman,130,98.24,97.47,0.77,5141,157
82,Martin Schindler,8,2026-09-04,European Tour,ET,Last 48 (Premier),Won,6 V 4,Robert Owen,51308,89.5,95.75,-6.25,4445,149
82,Martin Schindler,9,2026-08-28,European Tour,ET,Last 48 (Premier),Lost,2 V 6,Keane Barry,129,95.97,100.77,-4.8,3615,113
82,Martin Schindler,10,2026-08-26,Players Championship,PT,Last 32,Lost,1 V 6,Luke Littler,5403,98.71,107.23,-8.52,3060,93
2088,Andrew Gilding,1,2026-09-23,Players Championship,PT,Last 128,Lost,4 V 6,Maximilian Czerwinski,23309,84.94,85.64,-0.7,4700,166
2088,Andrew Gilding,2,2026-09-22,Players Championship,PT,Last 32,Lost,1 V 6,Jeffrey de Graaf,2092,94.5,91.07,3.43,3087,98
2088,Andrew Gilding,3,2026-09-22,Players Championship,PT,Last 64,Won,6 V 4,Peter Wright,1,95.67,98.98,-3.31,4592,144
2088,Andrew Gilding,4,2026-09-22,Players Championship,PT,Last 128,Won,6 V 1,Maximilian Czerwinski,23309,85.99,73.53,12.46,3497,122
2088,Andrew Gilding,5,2026-09-11,European Tour,ET,Last 48 (Premier),Lost,5 V 6,Chris Landman,5183,92.5,89.78,2.72,5334,173
2088,Andrew Gilding,6,2026-09-06,European Tour,ET,Last 16,Lost,3 V 6,Luke Humphries,34,93.64,93.93,-0.29,4120,132
2088,Andrew Gilding,7,2026-09-05,European Tour,ET,Last 32,Won,6 V 2,Nathan Aspinall,8,96.49,95.71,0.78,3924,122
2088,Andrew Gilding,8,2026-09-04,European Tour,ET,Last 48 (Premier),Won,6 V 3,David Rosi,6113,90.66,77.84,12.82,4382,145
2088,Andrew Gilding,9,2026-08-29,European Tour,ET,Last 32,Lost,4 V 6,Jermaine Wattimena,18,90.8,96.67,-5.87,4449,147
2088,Andrew Gilding,10,2026-08-28,European Tour,ET,Last 48 (Premier),Won,6 V 0,Milan Biro,49033,95.94,85.83,10.11,3006,94
2317,Connor Scutt,1,2026-09-23,Players Championship,PT,Last 128,Lost,4 V 6,Sebastian Bialecki,3038,93.68,92.41,1.27,4684,150
2317,Connor Scutt,2,2026-09-22,Players Championship,PT,Last 64,Lost,2 V 6,Jeffrey de Graaf,2092,83.45,87.3,-3.85,3477,125
2317,Connor Scutt,3,2026-09-22,Players Championship,PT,Last 128,Won,6 V 4,Tyler Thorpe,27176,93.02,84.79,8.23,4496,145
2317,Connor Scutt,4,2026-09-04,European Tour,ET,Last 48 (Premier),Lost,4 V 6,Luke Woodhouse,70,97.4,104.3,-6.9,4513,139
2317,Connor Scutt,5,2026-08-28,European Tour,ET,Last 48 (Premier),Lost,1 V 6,Ritchie Edhouse,2062,75.89,88.9,-13.01,2884,114
2317,Connor Scutt,6,2026-08-26,Players Championship,PT,Last 64,Lost,2 V 6,Thomas Lovely,2199,97.18,93.52,3.66,3628,112
2317,Connor Scutt,7,2026-08-26,Players Championship,PT,Last 128,Won,6 V 5,Jack Tweddell,2672,90.58,94.44,-3.86,5133,170
2317,Connor Scutt,8,2026-08-25,Players Championship,PT,Last 128,Lost,4 V 6,Tommy Lishman,3086,85.8,88.7,-2.9,4633,162
2317,Connor Scutt,9,2026-07-30,European Tour Card Holder Qualifier,Q,Semi Final,Lost,4 V 6,Brendan Dolan,23,85.14,91.22,-6.08,4399,155
2317,Connor Scutt,10,2026-07-30,European Tour Card Holder Qualifier,Q,Quarter Final,Won,6 V 4,Adam Lipscombe,14385,92.88,89.39,3.49,4830,156
2221,Cameron Menzies,1,2026-09-23,Players Championship,PT,Last 128,Lost,5 V 6,Callan Rydz,35,91.58,95.73,-4.15,4976,163
2221,Cameron Menzies,2,2026-09-22,Players Championship,PT,Final,Won,8 V 4,Gian van Veen,2641,96.77,89.16,7.61,5774,179
2221,Cameron Menzies,3,2026-09-22,Players Championship,PT,Semi Final,Won,7 V 5,Kevin Doets,2052,91.32,99.54,-8.22,5175,170
2221,Cameron Menzies,4,2026-09-22,Players Championship,PT,Quarter Final,Won,6 V 3,Jeffrey de Graaf,2092,97.29,86.1,11.19,4378,135
2221,Cameron Menzies,5,2026-09-22,Players Championship,PT,Last 16,Won,6 V 4,Wessel Nijman,130,93.04,99.06,-6.02,4652,150
2221,Cameron Menzies,6,2026-09-22,Players Championship,PT,Last 32,Won,6 V 2,Benjamin Pratnemer,2278,95.6,86.29,9.31,3824,120
2221,Cameron Menzies,7,2026-09-22,Players Championship,PT,Last 64,Won,6 V 5,Jim Long,5147,88.98,83.91,5.07,5309,179
2221,Cameron Menzies,8,2026-09-22,Players Championship,PT,Last 128,Won,6 V 2,Nick Kenny,84,101.34,87.32,14.02,3851,114
2221,Cameron Menzies,9,2026-09-11,European Tour,ET,Last 48 (Premier),Lost,4 V 6,Gabriel Clemens,38,92.38,92.66,-0.28,4465,145
2221,Cameron Menzies,10,2026-09-06,European Tour,ET,Last 16,Lost,1 V 6,Gerwyn Price,2,76.18,89.39,-13.21,2717,107
5138,Alan Soutar,1,2026-09-23,Players Championship,PT,Last 64,Lost,2 V 6,Martin Schindler,82,93.29,88.9,4.39,3825,123
5138,Alan Soutar,2,2026-09-23,Players Championship,PT,Last 128,Won,6 V 5,Madars Razma,42,92.59,97.33,-4.74,4969,161
5138,Alan Soutar,3,2026-09-22,Players Championship,PT,Last 128,Lost,2 V 6,Josh Rock,20114,93.89,100.13,-6.24,3568,114
5138,Alan Soutar,4,2026-08-26,Players Championship,PT,Last 128,Lost,5 V 6,Robert Owen,51308,92.71,88.88,3.83,5037,163
5138,Alan Soutar,5,2026-08-25,Players Championship,PT,Last 64,Lost,3 V 6,Joe Cullen,6,95.21,95.28,-0.07,4221,133
5138,Alan Soutar,6,2026-08-25,Players Championship,PT,Last 128,Won,6 V 2,Daniel Ayres,1975,99.97,96.3,3.67,3832,115
5138,Alan Soutar,7,2026-07-30,European Tour Card Holder Qualifier,Q,Final,Lost,4 V 6,Bradley Brooks,74,95.9,95.48,0.42,4603,144
5138,Alan Soutar,8,2026-07-30,European Tour Card Holder Qualifier,Q,Semi Final,Won,6 V 4,Lukas Wenig,148,85.59,80.65,4.94,4850,170
5138,Alan Soutar,9,2026-07-30,European Tour Card Holder Qualifier,Q,Quarter Final,Won,6 V 4,Kai Gotthardt,158,94.12,88.61,5.51,4800,153
5138,Alan Soutar,10,2026-07-29,Players Championship,PT,Last 128,Lost,5 V 6,Martin Schindler,82,95.71,92.96,2.75,5296,166
35,Callan Rydz,1,2026-09-23,Players Championship,PT,Last 64,Lost,3 V 6,Steve Lennon,46,93.02,96.93,-3.91,3938,127
35,Callan Rydz,2,2026-09-23,Players Championship,PT,Last 128,Won,6 V 5,Cameron Menzies,2221,95.73,91.58,4.15,5233,164
35,Callan Rydz,3,2026-09-22,Players Championship,PT,Last 16,Lost,3 V 6,Jermaine Wattimena,18,99.37,100.86,-1.49,4273,129
35,Callan Rydz,4,2026-09-22,Players Championship,PT,Last 32,Won,6 V 5,Kim Huybrechts,51,94.29,86.3,7.99,5406,172
35,Callan Rydz,5,2026-09-22,Players Championship,PT,Last 64,Won,6 V 3,Mensur Suljović,9,88.0,86.37,1.63,4224,144
35,Callan Rydz,6,2026-09-22,Players Championship,PT,Last 128,Won,6 V 5,Damon Heta,13,104.13,100.14,3.99,5241,151
35,Callan Rydz,7,2026-09-18,World Series of Darts Finals,MJ,Last 32,Lost,5 V 6,Motomu Sakai,18777,97.0,97.41,-0.41,5044,156
35,Callan Rydz,8,2026-09-05,European Tour,ET,Last 32,Lost,2 V 6,Gerwyn Price,2,80.86,103.86,-23.0,2965,110
35,Callan Rydz,9,2026-09-04,European Tour,ET,Last 48 (Premier),Won,6 V 1,Cristo Reyes,63,96.14,86.88,9.26,3493,109
35,Callan Rydz,10,2026-08-28,European Tour,ET,Last 48 (Premier),Lost,5 V 6,Krzysztof Ratajski,12,94.82,92.57,2.25,5373,170
6,Joe Cullen,1,2026-09-11,European Tour,ET,Last 48 (Premier),Lost,3 V 6,Andy Baetens,5146,93.98,102.7,-8.72,4104,131
6,Joe Cullen,2,2026-09-04,European Tour,ET,Last 48 (Premier),Lost,3 V 6,Stephen Burton,2014,88.67,91.12,-2.45,4197,142
6,Joe Cullen,3,2026-08-29,European Tour,ET,Last 32,Lost,0 V 6,Josh Rock,20114,76.91,85.89,-8.98,2538,99
6,Joe Cullen,4,2026-08-28,European Tour,ET,Last 48 (Premier),Won,6 V 3,Adam Leek,20494,97.55,92.43,5.12,4097,126
6,Joe Cullen,5,2026-08-26,Players Championship,PT,Last 128,Lost,4 V 6,Jeffrey de Zwaan,48,93.08,89.27,3.81,4747,153
6,Joe Cullen,6,2026-08-25,Players Championship,PT,Last 32,Lost,4 V 6,Dirk van Duijvenbode,14,86.09,99.29,-13.2,4075,142
6,Joe Cullen,7,2026-08-25,Players Championship,PT,Last 64,Won,6 V 3,Alan Soutar,5138,95.28,95.21,0.07,4351,137
6,Joe Cullen,8,2026-08-25,Players Championship,PT,Last 128,Won,6 V 3,Jeffrey de Zwaan,48,82.4,79.19,3.21,4477,163
6,Joe Cullen,9,2026-07-18,World Matchplay,MJ,Last 32,Lost,5 V 10,Nathan Aspinall,8,95.79,105.32,-9.53,6418,201
6,Joe Cullen,10,2026-07-11,European Tour,ET,Last 32,Lost,2 V 6,Michael van Gerwen,3,93.32,99.61,-6.29,3453,111
51,Kim Huybrechts,1,2026-09-23,Players Championship,PT,Last 128,Lost,5 V 6,Rob Owen,62480,91.95,85.44,6.51,5149,168
51,Kim Huybrechts,2,2026-09-22,Players Championship,PT,Last 32,Lost,5 V 6,Callan Rydz,35,86.3,94.29,-7.99,4919,171
51,Kim Huybrechts,3,2026-09-22,Players Championship,PT,Last 64,Won,6 V 5,Stefan Bellmont,1989,92.69,84.13,8.56,5160,167
51,Kim Huybrechts,4,2026-09-22,Players Championship,PT,Last 128,Won,6 V 5,Adam Paxton,2417,86.18,84.11,2.07,4855,169
51,Kim Huybrechts,5,2026-09-11,European Tour,ET,Last 48 (Premier),Lost,5 V 6,Sebastian Bialecki,3038,92.87,91.07,1.8,5108,165
51,Kim Huybrechts,6,2026-09-04,European Tour,ET,Last 48 (Premier),Lost,5 V 6,Ryan Joyce,28,91.91,90.35,1.56,5208,170
51,Kim Huybrechts,7,2026-08-26,Players Championship,PT,Quarter Final,Lost,5 V 6,Mike De Decker,66,84.98,88.05,-3.07,4872,172
51,Kim Huybrechts,8,2026-08-26,Players Championship,PT,Last 16,Won,6 V 2,Jeffrey de Graaf,2092,99.84,96.27,3.57,3794,114
51,Kim Huybrechts,9,2026-08-26,Players Championship,PT,Last 32,Won,6 V 4,William O&#039;Connor,30,93.14,93.02,0.12,4719,152
51,Kim Huybrechts,10,2026-08-26,Players Championship,PT,Last 64,Won,6 V 5,Lewis Pride,2280,95.74,90.33,5.41,5138,161
5145,Richard Veenstra,1,2026-09-23,Players Championship,PT,Last 32,Lost,1 V 6,Scott Williams,5137,90.53,110.41,-19.88,2716,90
5145,Richard Veenstra,2,2026-09-23,Players Championship,PT,Last 64,Won,6 V 2,Stefaan Henderyck,20186,85.75,83.62,2.13,3973,139
5145,Richard Veenstra,3,2026-09-23,Players Championship,PT,Last 128,Won,6 V 4,Greg Ritchie,2295,87.04,90.34,-3.3,4758,164
5145,Richard Veenstra,4,2026-09-22,Players Championship,PT,Last 64,Lost,2 V 6,Cor Dekker,2046,95.01,91.46,3.55,3642,115
5145,Richard Veenstra,5,2026-09-22,Players Championship,PT,Last 128,Won,6 V 5,Owen Bates,14661,86.76,88.92,-2.16,5061,175
5145,Richard Veenstra,6,2026-08-26,Players Championship,PT,Last 32,Lost,1 V 6,Krzysztof Ratajski,12,87.98,90.28,-2.3,3226,110
5145,Richard Veenstra,7,2026-08-26,Players Championship,PT,Last 64,Won,6 V 1,Darius Labanauskas,57,94.24,86.47,7.77,3487,111
5145,Richard Veenstra,8,2026-08-26,Players Championship,PT,Last 128,Won,6 V 2,Marvin Kraft,24609,83.45,77.67,5.78,3922,141
5145,Richard Veenstra,9,2026-08-25,Players Championship,PT,Last 64,Lost,4 V 6,Wesley Plaisier,2273,91.12,83.26,7.86,4708,155
5145,Richard Veenstra,10,2026-08-25,Players Championship,PT,Last 128,Won,6 V 3,Benjamin Pratnemer,2278,85.94,90.54,-4.6,4211,147
46158,Tom Bissell,1,2026-09-23,Players Championship,PT,Last 64,Lost,5 V 6,Adam Paxton,2417,86.45,80.93,5.52,5158,179
46158,Tom Bissell,2,2026-09-23,Players Championship,PT,Last 128,Won,6 V 4,Jeffrey Sparidaans,5172,97.52,88.32,9.2,4746,146
46158,Tom Bissell,3,2026-09-22,Players Championship,PT,Last 64,Lost,2 V 6,Max Hopp,59,96.0,100.81,-4.81,3648,114
46158,Tom Bissell,4,2026-09-22,Players Championship,PT,Last 128,Won,6 V 2,David Sharp,6682,87.86,85.83,2.03,3895,133
46158,Tom Bissell,5,2026-08-26,Players Championship,PT,Last 64,Lost,5 V 6,Andy Boulton,33,93.37,87.72,5.65,5291,170
46158,Tom Bissell,6,2026-08-26,Players Championship,PT,Last 128,Won,6 V 3,Tyler Thorpe,27176,94.63,80.35,14.28,4479,142
46158,Tom Bissell,7,2026-08-25,Players Championship,PT,Last 128,Lost,1 V 6,Chris Landman,5183,86.24,93.43,-7.19,3047,106
46158,Tom Bissell,8,2026-08-24,World Series Finals Tour Card Qualifier,Q,Quarter Final,Lost,5 V 6,Benjamin Pratnemer,2278,93.84,92.03,1.81,5255,168
46158,Tom Bissell,9,2026-08-24,World Series Finals Tour Card Qualifier,Q,Last 16,Won,6 V 4,Richard Veenstra,5145,94.96,93.37,1.59,4653,147
46158,Tom Bissell,10,2026-08-24,World Series Finals Tour Card Qualifier,Q,Last 32,Won,6 V 4,Marvin Kraft,24609,98.22,97.84,0.38,4780,146
50760,Tom Sykes,1,2026-09-23,Players Championship,PT,Last 32,Lost,2 V 6,Dirk van Duijvenbode,14,90.96,96.94,-5.98,3608,119
50760,Tom Sykes,2,2026-09-23,Players Championship,PT,Last 64,Won,6 V 2,Jurjen van der Velde,2784,94.67,90.15,4.52,3850,122
50760,Tom Sykes,3,2026-09-23,Players Championship,PT,Last 128,Won,6 V 3,Cristo Reyes,63,103.97,99.32,4.65,4228,122
50760,Tom Sykes,4,2026-09-22,Players Championship,PT,Last 128,Lost,5 V 6,Mensur Suljović,9,95.34,92.58,2.76,5085,160
50760,Tom Sykes,5,2026-08-29,European Tour,ET,Last 32,Lost,5 V 6,Chris Dobey,39,91.64,93.33,-1.69,5071,166
50760,Tom Sykes,6,2026-08-28,European Tour,ET,Last 48 (Premier),Won,6 V 1,Cameron Menzies,2221,101.2,96.84,4.36,3407,101
50760,Tom Sykes,7,2026-08-26,Players Championship,PT,Last 64,Lost,4 V 6,Bradley Brooks,74,100.51,91.79,8.72,4590,137
50760,Tom Sykes,8,2026-08-26,Players Championship,PT,Last 128,Won,6 V 2,Niall Culleton,2034,96.79,89.85,6.94,3936,122
50760,Tom Sykes,9,2026-08-25,Players Championship,PT,Last 32,Lost,1 V 6,Luke Woodhouse,70,87.65,88.79,-1.14,3097,106
50760,Tom Sykes,10,2026-08-25,Players Championship,PT,Last 64,Won,6 V 3,Derek Coulson,5415,93.85,96.12,-2.27,4098,131
24,Daryl Gurney,1,2026-09-23,Players Championship,PT,Last 128,Lost,4 V 6,Tyler Thorpe,27176,85.52,85.2,0.32,4675,164
24,Daryl Gurney,2,2026-09-22,Players Championship,PT,Last 32,Lost,4 V 6,Nathan Aspinall,8,90.92,103.07,-12.15,4152,137
24,Daryl Gurney,3,2026-09-22,Players Championship,PT,Last 64,Won,6 V 3,Joe Hunt,14283,100.05,95.73,4.32,4202,126
24,Daryl Gurney,4,2026-09-22,Players Championship,PT,Last 128,Won,6 V 3,Ryan Meikle,47,96.92,89.37,7.55,4232,131
24,Daryl Gurney,5,2026-09-19,World Series of Darts Finals,MJ,Last 16,Lost,5 V 10,Ross Smith,26,94.57,100.3,-5.73,6462,205
24,Daryl Gurney,6,2026-09-17,World Series of Darts Finals,MJ,Last 32,Won,6 V 5,Michael van Gerwen,3,97.7,96.2,1.5,5113,157
24,Daryl Gurney,7,2026-09-04,European Tour,ET,Last 48 (Premier),Lost,4 V 6,Beau Greaves,138,89.54,93.54,-4.0,4447,149
24,Daryl Gurney,8,2026-08-28,European Tour,ET,Last 48 (Premier),Lost,5 V 6,Laszlo Kadar,5327,91.75,93.9,-2.15,4985,163
24,Daryl Gurney,9,2026-08-26,Players Championship,PT,Last 128,Lost,5 V 6,Bradley Brooks,74,87.28,89.63,-2.35,4946,170
24,Daryl Gurney,10,2026-08-25,Players Championship,PT,Last 32,Lost,5 V 6,Jermaine Wattimena,18,91.66,89.46,2.2,5133,168
65,Mickey Mansell,1,2026-09-23,Players Championship,PT,Last 32,Lost,2 V 6,Kevin Doets,2052,78.87,92.3,-13.43,3444,131
65,Mickey Mansell,2,2026-09-23,Players Championship,PT,Last 64,Won,6 V 5,Lukas Wenig,148,89.68,90.76,-1.08,5112,171
65,Mickey Mansell,3,2026-09-23,Players Championship,PT,Last 128,Won,6 V 3,Andy Boulton,33,90.36,89.93,0.43,4006,133
65,Mickey Mansell,4,2026-09-22,Players Championship,PT,Last 128,Lost,5 V 6,Ricardo Pietreczko,153,90.16,91.22,-1.06,5079,169
65,Mickey Mansell,5,2026-09-11,European Tour,ET,Last 48 (Premier),Lost,4 V 6,Bradley Brooks,74,91.79,86.16,5.63,4712,154
65,Mickey Mansell,6,2026-08-26,Players Championship,PT,Last 128,Lost,3 V 6,Jimmy van Schie,10123,99.96,105.36,-5.4,3865,116
65,Mickey Mansell,7,2026-08-25,Players Championship,PT,Quarter Final,Lost,2 V 6,Luke Woodhouse,70,97.03,101.97,-4.94,3396,105
65,Mickey Mansell,8,2026-08-25,Players Championship,PT,Last 16,Won,6 V 5,Ryan Searle,31,96.4,89.17,7.23,5302,165
65,Mickey Mansell,9,2026-08-25,Players Championship,PT,Last 32,Won,6 V 3,Nathan Aspinall,8,100.0,96.86,3.14,4400,132
65,Mickey Mansell,10,2026-08-25,Players Championship,PT,Last 64,Won,6 V 0,Adam Lipscombe,14385,101.33,86.82,14.51,3006,89
3038,Sebastian Bialecki,1,2026-09-23,Players Championship,PT,Last 32,Lost,5 V 6,Niels Zonneveld,55,95.23,96.53,-1.3,5047,159
3038,Sebastian Bialecki,2,2026-09-23,Players Championship,PT,Last 64,Won,6 V 5,Shane McGuirk,3043,92.55,93.9,-1.35,4751,154
3038,Sebastian Bialecki,3,2026-09-23,Players Championship,PT,Last 128,Won,6 V 4,Connor Scutt,2317,92.41,93.68,-1.27,4559,148
3038,Sebastian Bialecki,4,2026-09-22,Players Championship,PT,Last 32,Lost,1 V 6,Josh Rock,20114,93.29,99.06,-5.77,3172,102
3038,Sebastian Bialecki,5,2026-09-22,Players Championship,PT,Last 64,Won,6 V 3,Darryl Pilgrim,5185,92.83,85.07,7.76,4301,139
3038,Sebastian Bialecki,6,2026-09-22,Players Championship,PT,Last 128,Won,6 V 0,Michael Smith,5,93.94,76.68,17.26,3006,96
3038,Sebastian Bialecki,7,2026-09-12,European Tour,ET,Last 32,Lost,4 V 6,Wessel Nijman,130,92.73,92.49,0.24,4513,146
3038,Sebastian Bialecki,8,2026-09-11,European Tour,ET,Last 48 (Premier),Won,6 V 5,Kim Huybrechts,51,91.07,92.87,-1.8,5039,166
3038,Sebastian Bialecki,9,2026-08-26,Players Championship,PT,Last 32,Lost,5 V 6,Brendan Dolan,23,92.08,93.25,-1.17,5095,166
3038,Sebastian Bialecki,10,2026-08-26,Players Championship,PT,Last 64,Won,6 V 1,Nick Kenny,84,95.21,89.45,5.76,3491,110
196,Niko Springer,1,2026-09-12,European Tour,ET,Last 32,Lost,1 V 6,Nathan Aspinall,8,88.78,105.99,-17.21,2693,91
196,Niko Springer,2,2026-09-11,European Tour,ET,Last 48 (Premier),Won,6 V 1,Jaimy Jacobs,42583,81.51,69.46,12.05,3505,129
196,Niko Springer,3,2026-09-05,European Tour,ET,Last 32,Lost,4 V 6,Luke Littler,5403,98.56,108.59,-10.03,4435,135
196,Niko Springer,4,2026-09-04,European Tour,ET,Last 48 (Premier),Won,6 V 0,Martin Homola,38330,102.48,76.96,25.52,3006,88
196,Niko Springer,5,2026-08-29,European Tour,ET,Last 32,Lost,4 V 6,Ryan Searle,31,94.23,97.31,-3.08,4680,149
196,Niko Springer,6,2026-08-28,European Tour,ET,Last 48 (Premier),Won,6 V 1,Maik Kuivenhoven,91,95.06,91.35,3.71,3327,105
196,Niko Springer,7,2026-08-26,Players Championship,PT,Last 128,Lost,4 V 6,Raymond van Barneveld,1982,92.15,88.93,3.22,4669,152
196,Niko Springer,8,2026-08-25,Players Championship,PT,Last 64,Lost,5 V 6,Joe Hunt,14283,89.64,85.58,4.06,5259,176
196,Niko Springer,9,2026-08-25,Players Championship,PT,Last 128,Won,6 V 5,Marvin van Velzen,2895,95.78,90.62,5.16,5140,161
196,Niko Springer,10,2026-08-24,World Series Finals Tour Card Qualifier,Q,Quarter Final,Lost,5 V 6,Callan Rydz,35,91.91,97.94,-6.03,4810,157
129,Keane Barry,1,2026-09-23,Players Championship,PT,Last 32,Lost,5 V 6,Luke Woodhouse,70,97.42,101.09,-3.67,5066,156
129,Keane Barry,2,2026-09-23,Players Championship,PT,Last 64,Won,6 V 5,Peter Wright,1,92.02,90.59,1.43,5153,168
129,Keane Barry,3,2026-09-23,Players Championship,PT,Last 128,Won,6 V 0,Martin Lukeman,2201,88.41,78.79,9.62,3006,102
129,Keane Barry,4,2026-09-22,Players Championship,PT,Last 32,Lost,3 V 6,Wessel Nijman,130,98.24,102.97,-4.73,3995,122
129,Keane Barry,5,2026-09-22,Players Championship,PT,Last 64,Won,6 V 1,Ted Evetts,93,104.88,87.16,17.72,3496,100
129,Keane Barry,6,2026-09-22,Players Championship,PT,Last 128,Won,6 V 4,Stef Kosters,36027,87.68,86.08,1.6,4793,164
129,Keane Barry,7,2026-09-06,European Tour,ET,Last 16,Lost,4 V 6,Jonny Clayton,20,98.25,96.94,1.31,4454,136
129,Keane Barry,8,2026-09-05,European Tour,ET,Last 32,Won,6 V 4,Chris Dobey,39,90.12,94.37,-4.25,4566,152
129,Keane Barry,9,2026-09-04,European Tour,ET,Last 48 (Premier),Won,6 V 4,Rob Cross,29,89.73,86.12,3.61,4666,156
129,Keane Barry,10,2026-08-30,European Tour,ET,Last 16,Lost,2 V 6,Dave Chisnall,21,89.98,94.54,-4.56,3599,120
74,Bradley Brooks,1,2026-09-23,Players Championship,PT,Last 128,Lost,4 V 6,Ryan Meikle,47,91.58,90.66,0.92,4640,152
74,Bradley Brooks,2,2026-09-22,Players Championship,PT,Last 64,Lost,2 V 6,Nathan Aspinall,8,92.76,102.21,-9.45,3525,114
74,Bradley Brooks,3,2026-09-22,Players Championship,PT,Last 128,Won,6 V 4,Stefaan Henderyck,20186,90.38,86.37,4.01,4519,150
74,Bradley Brooks,4,2026-09-12,European Tour,ET,Last 32,Lost,3 V 6,Gerwyn Price,2,94.01,103.52,-9.51,4011,128
74,Bradley Brooks,5,2026-09-11,European Tour,ET,Last 48 (Premier),Won,6 V 4,Mickey Mansell,65,86.16,91.79,-5.63,4394,153
74,Bradley Brooks,6,2026-08-26,Players Championship,PT,Last 32,Lost,5 V 6,Luke Humphries,34,99.49,95.91,3.58,5273,159
74,Bradley Brooks,7,2026-08-26,Players Championship,PT,Last 64,Won,6 V 4,Tom Sykes,50760,91.79,100.51,-8.72,4406,144
74,Bradley Brooks,8,2026-08-26,Players Championship,PT,Last 128,Won,6 V 5,Daryl Gurney,24,89.63,87.28,2.35,5079,170
74,Bradley Brooks,9,2026-08-25,Players Championship,PT,Last 16,Lost,1 V 6,Wessel Nijman,130,98.87,109.77,-10.9,3065,93
74,Bradley Brooks,10,2026-08-25,Players Championship,PT,Last 32,Won,6 V 1,Niels Zonneveld,55,92.03,79.96,12.07,3497,114
59,Max Hopp,1,2026-09-23,Players Championship,PT,Last 128,Lost,4 V 6,Charlie Manby,5636,78.61,82.76,-4.15,4507,172
59,Max Hopp,2,2026-09-22,Players Championship,PT,Last 32,Lost,0 V 6,Oskar Lukasiak,5178,76.62,83.5,-6.88,2605,102
59,Max Hopp,3,2026-09-22,Players Championship,PT,Last 64,Won,6 V 2,Tom Bissell,46158,100.81,96.0,4.81,3898,116
59,Max Hopp,4,2026-09-22,Players Championship,PT,Last 128,Won,6 V 1,Matthias Ehlers,15426,88.86,77.51,11.35,3495,118
59,Max Hopp,5,2026-07-30,European Tour Card Holder Qualifier,Q,Semi Final,Lost,3 V 6,Kim Huybrechts,51,91.94,101.02,-9.08,3831,125
59,Max Hopp,6,2026-07-30,European Tour Card Holder Qualifier,Q,Quarter Final,Won,6 V 4,Tom Sykes,50760,83.23,78.83,4.4,4883,176
59,Max Hopp,7,2026-07-30,European Tour Card Holder Qualifier,Q,Final,Lost,1 V 6,Sietse Lap,24689,80.97,89.72,-8.75,3050,113
59,Max Hopp,8,2026-07-30,European Tour Card Holder Qualifier,Q,Semi Final,Won,6 V 3,Filip Bereza,46130,94.41,85.83,8.58,4280,136
59,Max Hopp,9,2026-07-30,European Tour Card Holder Qualifier,Q,Quarter Final,Won,6 V 4,Rusty-Jake Rodriguez,131,85.46,81.07,4.39,4615,162
59,Max Hopp,10,2026-07-29,Players Championship,PT,Last 32,Lost,5 V 6,Ricky Evans,45,85.46,87.42,-1.96,4871,171
5190,James Hurrell,1,2026-09-23,Players Championship,PT,Last 32,Lost,4 V 6,Jeffrey de Zwaan,48,87.9,93.36,-5.46,4512,154
5190,James Hurrell,2,2026-09-23,Players Championship,PT,Last 64,Won,6 V 3,Alexander Merkx,2223,82.48,81.93,0.55,4289,156
5190,James Hurrell,3,2026-09-23,Players Championship,PT,Last 128,Won,6 V 4,Ted Evetts,93,92.76,90.89,1.87,4669,151
5190,James Hurrell,4,2026-09-22,Players Championship,PT,Last 128,Lost,4 V 6,Adam Gawlas,134,91.82,94.12,-2.3,4346,142
5190,James Hurrell,5,2026-09-11,European Tour,ET,Last 48 (Premier),Lost,1 V 6,Kevin Doets,2052,75.5,99.29,-23.79,2542,101
5190,James Hurrell,6,2026-08-29,European Tour,ET,Last 32,Lost,4 V 6,Michael van Gerwen,3,91.91,93.77,-1.86,4320,141
5190,James Hurrell,7,2026-08-28,European Tour,ET,Last 48 (Premier),Won,6 V 5,Damon Heta,13,99.7,100.67,-0.97,4985,150
5190,James Hurrell,8,2026-08-26,Players Championship,PT,Last 128,Won,6 V 4,Dave Chisnall,21,85.61,82.92,2.69,4623,162
5190,James Hurrell,9,2026-08-25,Players Championship,PT,Last 64,Lost,1 V 6,Kim Huybrechts,51,85.32,92.08,-6.76,3242,114
5190,James Hurrell,10,2026-08-25,Players Championship,PT,Last 128,Won,6 V 5,Michael Smith,5,83.16,81.89,1.27,5128,185
2062,Ritchie Edhouse,1,2026-09-23,Players Championship,PT,Last 64,Lost,2 V 6,Joe Hunt,14283,78.73,91.59,-12.86,3254,124
2062,Ritchie Edhouse,2,2026-09-23,Players Championship,PT,Last 128,Won,6 V 5,Henry Coates,5628,87.0,87.9,-0.9,5017,173
2062,Ritchie Edhouse,3,2026-09-22,Players Championship,PT,Last 64,Lost,2 V 6,Oskar Lukasiak,5178,88.74,91.06,-2.32,3520,119
2062,Ritchie Edhouse,4,2026-09-22,Players Championship,PT,Last 128,Won,6 V 5,Luke Woodhouse,70,99.94,97.41,2.53,5297,159
2062,Ritchie Edhouse,5,2026-08-29,European Tour,ET,Last 32,Lost,4 V 6,Danny Noppert,22,90.93,94.01,-3.08,4577,151
2062,Ritchie Edhouse,6,2026-08-28,European Tour,ET,Last 48 (Premier),Won,6 V 1,Connor Scutt,2317,88.9,75.89,13.01,3467,117
2062,Ritchie Edhouse,7,2026-08-26,Players Championship,PT,Last 128,Lost,3 V 6,Daniel Ayres,1975,93.34,93.68,-0.34,4138,133
2062,Ritchie Edhouse,8,2026-08-25,Players Championship,PT,Last 64,Lost,1 V 6,Darryl Pilgrim,5185,85.63,89.28,-3.65,3054,107
2062,Ritchie Edhouse,9,2026-08-25,Players Championship,PT,Last 128,Won,6 V 4,Maik Kuivenhoven,91,88.28,89.79,-1.51,4620,157
2062,Ritchie Edhouse,10,2026-08-24,World Series Finals Tour Card Qualifier,Q,Last 16,Lost,3 V 6,Darius Labanauskas,57,85.4,92.73,-7.33,3957,139
9,Mensur Suljović,1,2026-09-22,Players Championship,PT,Last 64,Lost,3 V 6,Callan Rydz,35,86.37,88.0,-1.63,4088,142
9,Mensur Suljović,2,2026-09-22,Players Championship,PT,Last 128,Won,6 V 5,Tom Sykes,50760,92.58,95.34,-2.76,5030,163
9,Mensur Suljović,3,2026-07-30,European Tour Card Holder Qualifier,Q,Semi Final,Lost,1 V 6,Tom Bissell,46158,86.36,98.55,-12.19,2965,103
9,Mensur Suljović,4,2026-07-30,European Tour Card Holder Qualifier,Q,Quarter Final,Won,6 V 3,Ricardo Pietreczko,153,98.22,92.06,6.16,4158,127
9,Mensur Suljović,5,2026-07-30,European Tour Card Holder Qualifier,Q,Final,Won,6 V 2,Karel Sedláček,44,94.45,88.24,6.21,3841,122
9,Mensur Suljović,6,2026-07-30,European Tour Card Holder Qualifier,Q,Semi Final,Won,6 V 4,Ricky Evans,45,99.71,94.38,5.33,4886,147
9,Mensur Suljović,7,2026-07-30,European Tour Card Holder Qualifier,Q,Quarter Final,Won,6 V 1,Kim Huybrechts,51,95.32,85.82,9.5,3368,106
9,Mensur Suljović,8,2026-07-29,Players Championship,PT,Last 16,Lost,1 V 6,Ritchie Edhouse,2062,84.82,97.88,-13.06,2884,102
9,Mensur Suljović,9,2026-07-29,Players Championship,PT,Last 32,Won,6 V 4,Daniel Ayres,1975,92.39,93.84,-1.45,4373,142
9,Mensur Suljović,10,2026-07-29,Players Championship,PT,Last 64,Won,6 V 5,Wesley Plaisier,2273,91.89,82.73,9.16,5238,171
138,Beau Greaves,1,2026-09-23,Players Championship,PT,Last 128,Lost,1 V 6,Joe Hunt,14283,101.16,105.06,-3.9,3271,97
138,Beau Greaves,2,2026-09-22,Players Championship,PT,Last 32,Lost,4 V 6,Danny Noppert,22,94.96,97.45,-2.49,4748,150
138,Beau Greaves,3,2026-09-22,Players Championship,PT,Last 64,Won,6 V 1,Rhys Griffin,271,101.23,92.58,8.65,3307,98
138,Beau Greaves,4,2026-09-22,Players Championship,PT,Last 128,Won,6 V 2,Tommy Lishman,3086,109.96,88.21,21.75,3812,104
138,Beau Greaves,5,2026-09-11,European Tour,ET,Last 48 (Premier),Lost,5 V 6,Damon Heta,13,92.96,90.62,2.34,5299,171
138,Beau Greaves,6,2026-09-05,European Tour,ET,Last 32,Lost,2 V 6,Luke Humphries,34,98.85,108.98,-10.13,3394,103
138,Beau Greaves,7,2026-09-04,European Tour,ET,Last 48 (Premier),Won,6 V 4,Daryl Gurney,24,93.54,89.54,4.0,4646,149
138,Beau Greaves,8,2026-08-28,European Tour,ET,Last 48 (Premier),Lost,5 V 6,Rob Cross,29,104.88,101.9,2.98,5069,145
138,Beau Greaves,9,2026-08-26,Players Championship,PT,Last 128,Lost,5 V 6,Andy Boulton,33,95.45,94.24,1.21,5186,163
138,Beau Greaves,10,2026-08-25,Players Championship,PT,Last 128,Lost,5 V 6,Tom Sykes,50760,94.75,96.02,-1.27,5306,168
38,Gabriel Clemens,1,2026-09-23,Players Championship,PT,Last 64,Lost,4 V 6,Adam Gawlas,134,89.31,87.85,1.46,4555,153
38,Gabriel Clemens,2,2026-09-23,Players Championship,PT,Last 128,Won,6 V 5,Florian Preis,35248,84.29,87.02,-2.73,4973,177
38,Gabriel Clemens,3,2026-09-22,Players Championship,PT,Last 64,Lost,5 V 6,Henry Coates,5628,93.48,92.98,0.5,5110,164
38,Gabriel Clemens,4,2026-09-22,Players Championship,PT,Last 128,Won,6 V 4,Sam Price,22829,81.13,81.58,-0.45,4814,178
38,Gabriel Clemens,5,2026-09-12,European Tour,ET,Last 32,Lost,3 V 6,Gian van Veen,2641,98.81,101.54,-2.73,4117,125
38,Gabriel Clemens,6,2026-09-11,European Tour,ET,Last 48 (Premier),Won,6 V 4,Cameron Menzies,2221,92.66,92.38,0.28,4571,148
38,Gabriel Clemens,7,2026-08-26,Players Championship,PT,Last 128,Lost,3 V 6,Christopher Wickenden,7707,81.47,91.5,-10.03,3775,139
38,Gabriel Clemens,8,2026-08-25,Players Championship,PT,Last 64,Lost,5 V 6,Peter Wright,1,99.92,97.03,2.89,5329,160
38,Gabriel Clemens,9,2026-08-25,Players Championship,PT,Last 128,Won,6 V 5,Viktor Tingstrom,3094,87.69,86.97,0.72,5086,174
38,Gabriel Clemens,10,2026-08-24,World Series Finals Tour Card Qualifier,Q,Last 16,Lost,5 V 6,Justin Hood,2138,93.46,99.42,-5.96,4860,156
3043,Shane McGuirk,1,2026-09-23,Players Championship,PT,Last 64,Lost,5 V 6,Sebastian Bialecki,3038,93.9,92.55,1.35,5008,160
3043,Shane McGuirk,2,2026-09-23,Players Championship,PT,Last 128,Won,6 V 4,Martijn Dragt,7302,96.36,97.62,-1.26,4850,151
3043,Shane McGuirk,3,2026-09-22,Players Championship,PT,Last 128,Lost,5 V 6,Darius Labanauskas,57,97.83,93.36,4.47,5250,161
3043,Shane McGuirk,4,2026-08-26,Players Championship,PT,Last 32,Lost,3 V 6,Andy Boulton,33,88.81,90.23,-1.42,4263,144
3043,Shane McGuirk,5,2026-08-26,Players Championship,PT,Last 64,Won,6 V 4,Chris Dobey,39,93.31,96.3,-2.99,4448,143
3043,Shane McGuirk,6,2026-08-26,Players Championship,PT,Last 128,Won,6 V 4,Derek Coulson,5415,89.84,90.76,-0.92,4582,153
3043,Shane McGuirk,7,2026-08-25,Players Championship,PT,Last 128,Lost,4 V 6,Justin Hood,2138,93.17,99.63,-6.46,4410,142
3043,Shane McGuirk,8,2026-08-24,World Series Finals Tour Card Qualifier,Q,Last 16,Lost,5 V 6,Peter Wright,1,91.2,90.32,0.88,5016,165
3043,Shane McGuirk,9,2026-07-30,European Tour Card Holder Qualifier,Q,Semi Final,Lost,5 V 6,Greg Ritchie,2295,101.24,96.36,4.88,5062,150
3043,Shane McGuirk,10,2026-07-30,European Tour Card Holder Qualifier,Q,Quarter Final,Won,6 V 5,Darius Labanauskas,57,95.68,94.79,0.89,5039,158
28,Ryan Joyce,1,2026-09-13,European Tour,ET,Quarter Final,Lost,5 V 6,Ross Smith,26,86.26,90.42,-4.16,5118,178
28,Ryan Joyce,2,2026-09-13,European Tour,ET,Last 16,Won,6 V 5,Jermaine Wattimena,18,99.39,92.38,7.01,5301,160
28,Ryan Joyce,3,2026-09-12,European Tour,ET,Last 32,Won,6 V 3,Josh Rock,20114,93.09,92.91,0.18,4251,137
28,Ryan Joyce,4,2026-09-11,European Tour,ET,Last 48 (Premier),Won,6 V 5,Stephen Burton,2014,95.66,96.11,-0.45,5102,160
28,Ryan Joyce,5,2026-09-05,European Tour,ET,Last 32,Lost,3 V 6,Josh Rock,20114,86.82,94.99,-8.17,3878,134
28,Ryan Joyce,6,2026-09-04,European Tour,ET,Last 48 (Premier),Won,6 V 5,Kim Huybrechts,51,90.35,91.91,-1.56,5210,173
28,Ryan Joyce,7,2026-08-29,European Tour,ET,Last 32,Lost,4 V 6,Nathan Aspinall,8,95.28,94.63,0.65,4510,142
28,Ryan Joyce,8,2026-08-28,European Tour,ET,Last 48 (Premier),Won,6 V 3,Cristo Reyes,63,86.87,96.11,-9.24,4141,143
28,Ryan Joyce,9,2026-08-26,Players Championship,PT,Last 32,Lost,1 V 6,Justin Hood,2138,87.54,100.7,-13.16,2918,100
28,Ryan Joyce,10,2026-08-26,Players Championship,PT,Last 64,Won,6 V 2,Henry Coates,5628,99.45,91.12,8.33,3978,120
66,Mike De Decker,1,2026-09-23,Players Championship,PT,Last 128,Lost,2 V 6,Peter Wright,1,83.55,90.9,-7.35,3370,121
66,Mike De Decker,2,2026-09-22,Players Championship,PT,Last 128,Lost,5 V 6,Nathan Aspinall,8,88.24,93.11,-4.87,5000,170
66,Mike De Decker,3,2026-09-10,European Tour Home Nation Qualifier,Q,Final,Lost,5 V 6,Jaimy Jacobs,42583,93.41,86.84,6.57,5200,167
66,Mike De Decker,4,2026-09-10,European Tour Home Nation Qualifier,Q,Semi Final,Won,6 V 1,James Vanbesien,49086,93.63,88.24,5.39,3433,110
66,Mike De Decker,5,2026-09-10,European Tour Home Nation Qualifier,Q,Quarter Final,Won,6 V 3,Matthias Moors,28926,90.66,82.78,7.88,4382,145
66,Mike De Decker,6,2026-09-10,European Tour Home Nation Qualifier,Q,Last 16,Won,6 V 0,Jerry Lemmens,54775,90.18,49.67,40.51,3006,100
66,Mike De Decker,7,2026-09-10,European Tour Home Nation Qualifier,Q,Last 32,Won,6 V 1,Xavier Bracke,38524,86.77,64.14,22.63,3384,117
66,Mike De Decker,8,2026-08-26,Players Championship,PT,Semi Final,Lost,4 V 7,Luke Humphries,34,91.68,99.97,-8.29,4859,159
66,Mike De Decker,9,2026-08-26,Players Championship,PT,Quarter Final,Won,6 V 5,Kim Huybrechts,51,88.05,84.98,3.07,5048,172
66,Mike De Decker,10,2026-08-26,Players Championship,PT,Last 16,Won,6 V 3,Martijn Dragt,7302,87.56,81.53,6.03,4232,145
45,Ricky Evans,1,2026-09-23,Players Championship,PT,Last 128,Lost,3 V 6,Kai Gotthardt,158,89.05,94.57,-5.52,3859,130
45,Ricky Evans,2,2026-09-22,Players Championship,PT,Last 128,Lost,3 V 6,Darryl Pilgrim,5185,88.97,89.0,-0.03,4241,143
45,Ricky Evans,3,2026-09-04,European Tour,ET,Last 48 (Premier),Lost,2 V 6,Kevin Doets,2052,90.99,100.68,-9.69,3397,112
45,Ricky Evans,4,2026-08-26,Players Championship,PT,Last 128,Lost,5 V 6,Sietse Lap,24689,92.61,91.04,1.57,5032,163
45,Ricky Evans,5,2026-08-25,Players Championship,PT,Last 128,Lost,4 V 6,Chris Dobey,39,95.11,90.0,5.11,4692,148
45,Ricky Evans,6,2026-08-24,World Series Finals Tour Card Qualifier,Q,Quarter Final,Lost,5 V 6,Kevin Doets,2052,84.87,87.02,-2.15,4951,175
45,Ricky Evans,7,2026-08-24,World Series Finals Tour Card Qualifier,Q,Last 16,Won,6 V 0,Yorick Hofkens,25319,89.29,83.09,6.2,3006,101
45,Ricky Evans,8,2026-08-24,World Series Finals Tour Card Qualifier,Q,Last 32,Won,6 V 1,Nick Kenny,84,84.47,82.29,2.18,3238,115
45,Ricky Evans,9,2026-07-30,European Tour Card Holder Qualifier,Q,Last 16,Lost,4 V 6,Stephen Burton,2014,83.45,89.78,-6.33,4534,163
45,Ricky Evans,10,2026-07-30,European Tour Card Holder Qualifier,Q,Semi Final,Lost,4 V 6,Mensur Suljović,9,94.38,99.71,-5.33,4530,144
5185,Darryl Pilgrim,1,2026-09-23,Players Championship,PT,Last 128,Lost,1 V 6,Steve Lennon,46,86.88,95.64,-8.76,3012,104
5185,Darryl Pilgrim,2,2026-09-22,Players Championship,PT,Last 64,Lost,3 V 6,Sebastian Bialecki,3038,85.07,92.83,-7.76,3828,135
5185,Darryl Pilgrim,3,2026-09-22,Players Championship,PT,Last 128,Won,6 V 3,Ricky Evans,45,89.0,88.97,0.03,4361,147
5185,Darryl Pilgrim,4,2026-08-26,Players Championship,PT,Last 128,Lost,1 V 6,Tommy Lishman,3086,89.95,84.99,4.96,3358,112
5185,Darryl Pilgrim,5,2026-08-25,Players Championship,PT,Last 32,Lost,1 V 6,Wessel Nijman,130,93.39,93.75,-0.36,3113,100
5185,Darryl Pilgrim,6,2026-08-25,Players Championship,PT,Last 64,Won,6 V 1,Ritchie Edhouse,2062,89.28,85.63,3.65,3363,113
5185,Darryl Pilgrim,7,2026-08-25,Players Championship,PT,Last 128,Won,6 V 3,Dennie Olde Kalter,5162,88.22,89.2,-0.98,4205,143
5185,Darryl Pilgrim,8,2026-08-24,World Series Finals Tour Card Qualifier,Q,Last 16,Lost,1 V 6,Sebastian Bialecki,3038,86.65,88.2,-1.55,3206,111
5185,Darryl Pilgrim,9,2026-08-24,World Series Finals Tour Card Qualifier,Q,Last 32,Won,6 V 2,Niall Culleton,2034,100.4,82.42,17.98,3882,116
5185,Darryl Pilgrim,10,2026-07-30,European Tour Card Holder Qualifier,Q,Quarter Final,Lost,2 V 6,Madars Razma,42,91.06,92.36,-1.3,3764,124
148,Lukas Wenig,1,2026-09-23,Players Championship,PT,Last 64,Lost,5 V 6,Mickey Mansell,65,90.76,89.68,1.08,4992,165
148,Lukas Wenig,2,2026-09-23,Players Championship,PT,Last 128,Won,6 V 5,Stef Kosters,36027,87.0,88.05,-1.05,5191,179
148,Lukas Wenig,3,2026-09-22,Players Championship,PT,Last 64,Lost,4 V 6,Danny Noppert,22,87.83,98.41,-10.58,4128,141
148,Lukas Wenig,4,2026-09-22,Players Championship,PT,Last 128,Won,6 V 3,Sietse Lap,24689,89.13,86.19,2.94,4189,141
148,Lukas Wenig,5,2026-08-26,Players Championship,PT,Last 128,Lost,4 V 6,David Sharp,6682,87.26,94.67,-7.41,4363,150
148,Lukas Wenig,6,2026-08-25,Players Championship,PT,Last 128,Lost,1 V 6,Wessel Nijman,130,79.3,94.55,-15.25,2749,104
148,Lukas Wenig,7,2026-08-24,World Series Finals Tour Card Qualifier,Q,Last 16,Lost,2 V 6,Owen Bates,14661,91.51,92.4,-0.89,3691,121
148,Lukas Wenig,8,2026-07-30,European Tour Card Holder Qualifier,Q,Quarter Final,Lost,5 V 6,Mickey Mansell,65,88.15,88.35,-0.2,4907,167
148,Lukas Wenig,9,2026-07-30,European Tour Card Holder Qualifier,Q,Semi Final,Lost,4 V 6,Alan Soutar,5138,80.65,85.59,-4.94,4570,170
148,Lukas Wenig,10,2026-07-30,European Tour Card Holder Qualifier,Q,Quarter Final,Won,6 V 0,Sam Price,22829,100.2,64.21,35.99,3006,90
5137,Scott Williams,1,2026-09-23,Players Championship,PT,Final,Lost,7 V 8,Karel Sedlacek,62477,96.25,91.92,4.33,6994,218
5137,Scott Williams,2,2026-09-23,Players Championship,PT,Semi Final,Won,7 V 4,Jermaine Wattimena,18,99.95,90.25,9.7,5131,154
5137,Scott Williams,3,2026-09-23,Players Championship,PT,Quarter Final,Won,6 V 2,Michael van Gerwen,3,94.01,91.17,2.84,3823,122
5137,Scott Williams,4,2026-09-23,Players Championship,PT,Last 16,Won,6 V 3,Tommy Lishman,3086,103.13,91.25,11.88,4400,128
5137,Scott Williams,5,2026-09-23,Players Championship,PT,Last 32,Won,6 V 1,Richard Veenstra,5145,110.41,90.53,19.88,3386,92
5137,Scott Williams,6,2026-09-23,Players Championship,PT,Last 64,Won,6 V 5,Danny Noppert,22,99.08,101.83,-2.75,5119,155
5137,Scott Williams,7,2026-09-23,Players Championship,PT,Last 128,Won,6 V 2,Mensur Suljovic,62476,97.49,98.25,-0.76,3737,115
5137,Scott Williams,8,2026-09-22,Players Championship,PT,Last 32,Lost,4 V 6,Dave Chisnall,21,92.0,101.43,-9.43,4232,138
5137,Scott Williams,9,2026-09-22,Players Championship,PT,Last 64,Won,6 V 4,Niels Zonneveld,55,100.14,98.32,1.82,4640,139
5137,Scott Williams,10,2026-09-22,Players Championship,PT,Last 128,Won,6 V 3,Dominik Gruellich,254,92.69,80.48,12.21,4449,144
5636,Charlie Manby,1,2026-09-23,Players Championship,PT,Last 32,Lost,2 V 6,Chris Dobey,39,92.38,98.85,-6.47,3695,120
5636,Charlie Manby,2,2026-09-23,Players Championship,PT,Last 64,Won,6 V 4,Thomas Lovely,2199,90.4,90.18,0.22,4520,150
5636,Charlie Manby,3,2026-09-23,Players Championship,PT,Last 128,Won,6 V 4,Max Hopp,59,82.76,78.61,4.15,4800,174
5636,Charlie Manby,4,2026-09-22,Players Championship,PT,Last 128,Lost,4 V 6,Oskar Lukasiak,5178,86.7,90.79,-4.09,4566,158
5636,Charlie Manby,5,2026-08-26,Players Championship,PT,Last 32,Lost,3 V 6,Greg Ritchie,2295,89.08,92.43,-3.35,4246,143
5636,Charlie Manby,6,2026-08-26,Players Championship,PT,Last 128,Won,6 V 5,Tavis Dudeney,3059,82.21,79.25,2.96,5042,184
5636,Charlie Manby,7,2026-08-25,Players Championship,PT,Last 64,Lost,4 V 6,Daryl Gurney,24,82.14,87.39,-5.25,4627,169
5636,Charlie Manby,8,2026-08-25,Players Championship,PT,Last 128,Won,6 V 3,Scott Waites,40,89.67,85.71,3.96,4394,147
5636,Charlie Manby,9,2026-08-24,World Series Finals Tour Card Qualifier,Q,Semi Final,Lost,1 V 6,Karel Sedláček,44,86.86,89.5,-2.64,3127,108
5636,Charlie Manby,10,2026-08-24,World Series Finals Tour Card Qualifier,Q,Quarter Final,Won,6 V 2,Darius Labanauskas,57,99.44,92.97,6.47,3878,117
91,Maik Kuivenhoven,1,2026-09-23,Players Championship,PT,Last 128,Lost,4 V 6,Adam Paxton,2417,82.44,87.59,-5.15,4342,158
91,Maik Kuivenhoven,2,2026-09-22,Players Championship,PT,Last 32,Lost,1 V 6,Chris Dobey,39,93.37,106.09,-12.72,3019,97
91,Maik Kuivenhoven,3,2026-09-22,Players Championship,PT,Last 64,Won,6 V 2,Robert Owen,51308,100.04,101.16,-1.12,3568,107
91,Maik Kuivenhoven,4,2026-09-22,Players Championship,PT,Last 128,Won,6 V 2,Andy Boulton,33,84.35,81.76,2.59,3852,137
91,Maik Kuivenhoven,5,2026-09-18,World Series of Darts Finals,MJ,Last 32,Lost,3 V 6,Jonny Clayton,20,86.31,89.37,-3.06,4143,144
91,Maik Kuivenhoven,6,2026-08-28,European Tour,ET,Last 48 (Premier),Lost,1 V 6,Niko Springer,196,91.35,95.06,-3.71,3045,100
91,Maik Kuivenhoven,7,2026-08-26,Players Championship,PT,Last 64,Lost,5 V 6,Sietse Lap,24689,93.89,96.67,-2.78,4851,155
91,Maik Kuivenhoven,8,2026-08-26,Players Championship,PT,Last 128,Won,6 V 5,Daniel Klose,157,92.83,95.43,-2.6,5044,163
91,Maik Kuivenhoven,9,2026-08-25,Players Championship,PT,Last 128,Lost,4 V 6,Ritchie Edhouse,2062,89.79,88.28,1.51,4669,156
91,Maik Kuivenhoven,10,2026-08-24,World Series Finals Tour Card Qualifier,Q,Final,Lost,3 V 6,Kevin Doets,2052,93.29,91.77,1.52,4229,136
21,Dave Chisnall,1,2026-09-23,Players Championship,PT,Last 64,Lost,3 V 6,Jimmy van Schie,10123,80.9,86.37,-5.47,4099,152
21,Dave Chisnall,2,2026-09-23,Players Championship,PT,Last 128,Won,6 V 5,Carl Sneyd,23238,93.09,95.8,-2.71,5182,167
21,Dave Chisnall,3,2026-09-22,Players Championship,PT,Last 16,Lost,4 V 6,Oskar Lukasiak,5178,86.9,90.32,-3.42,4316,149
21,Dave Chisnall,4,2026-09-22,Players Championship,PT,Last 32,Won,6 V 4,Scott Williams,5137,101.43,92.0,9.43,4801,142
21,Dave Chisnall,5,2026-09-22,Players Championship,PT,Last 64,Won,6 V 5,Mario Vandenbogaerde,2363,102.61,96.31,6.3,5233,153
21,Dave Chisnall,6,2026-09-22,Players Championship,PT,Last 128,Won,6 V 2,Jurjen van der Velde,2784,81.74,75.97,5.77,3869,142
21,Dave Chisnall,7,2026-08-30,European Tour,ET,Quarter Final,Lost,2 V 6,Ross Smith,26,89.63,95.35,-5.72,3615,121
21,Dave Chisnall,8,2026-08-30,European Tour,ET,Last 16,Won,6 V 2,Keane Barry,129,94.54,89.98,4.56,3813,121
21,Dave Chisnall,9,2026-08-29,European Tour,ET,Last 32,Won,6 V 2,Wessel Nijman,130,100.47,89.43,11.04,3952,118
21,Dave Chisnall,10,2026-08-28,European Tour,ET,Last 48 (Premier),Won,6 V 3,Andras Borbely,20883,89.11,80.49,8.62,4307,145
5,Michael Smith,1,2026-09-23,Players Championship,PT,Last 64,Lost,3 V 6,Dirk van Duijvenbode,14,80.29,88.33,-8.04,3961,148
5,Michael Smith,2,2026-09-23,Players Championship,PT,Last 128,Won,6 V 5,Marvin Kraft,24609,78.27,84.11,-5.84,4853,186
5,Michael Smith,3,2026-09-22,Players Championship,PT,Last 128,Lost,0 V 6,Sebastian Bialecki,3038,76.68,93.94,-17.26,2377,93
5,Michael Smith,4,2026-08-26,Players Championship,PT,Last 64,Lost,1 V 6,Martin Schindler,82,81.28,94.68,-13.4,2953,109
5,Michael Smith,5,2026-08-26,Players Championship,PT,Last 128,Won,6 V 1,Martin Lukeman,2201,97.82,83.16,14.66,3489,107
5,Michael Smith,6,2026-08-25,Players Championship,PT,Last 128,Lost,5 V 6,James Hurrell,5190,81.89,83.16,-1.27,5132,188
5,Michael Smith,7,2026-08-24,World Series Finals Tour Card Qualifier,Q,Quarter Final,Lost,5 V 6,Justin Hood,2138,93.91,102.2,-8.29,4852,155
5,Michael Smith,8,2026-08-24,World Series Finals Tour Card Qualifier,Q,Last 16,Won,6 V 3,Leon Weber,32046,84.0,67.42,16.58,4340,155
5,Michael Smith,9,2026-07-30,European Tour Card Holder Qualifier,Q,Semi Final,Lost,0 V 6,Tyler Thorpe,27176,82.82,85.08,-2.26,2733,99
5,Michael Smith,10,2026-07-30,European Tour Card Holder Qualifier,Q,Quarter Final,Won,6 V 2,Marvin van Velzen,2895,95.34,84.79,10.55,3909,123
6682,David Sharp,1,2026-09-23,Players Championship,PT,Last 128,Lost,3 V 6,Wessel Nijman,130,90.81,102.98,-12.17,3814,126
6682,David Sharp,2,2026-09-22,Players Championship,PT,Last 128,Lost,2 V 6,Tom Bissell,46158,85.83,87.86,-2.03,3662,128
6682,David Sharp,3,2026-08-26,Players Championship,PT,Last 64,Lost,2 V 6,Jeffrey de Graaf,2092,81.18,96.37,-15.19,3139,116
6682,David Sharp,4,2026-08-26,Players Championship,PT,Last 128,Won,6 V 4,Lukas Wenig,148,94.67,87.26,7.41,4765,151
6682,David Sharp,5,2026-08-25,Players Championship,PT,Last 64,Lost,1 V 6,Jeffrey Sparidaans,5172,86.13,91.63,-5.5,3072,107
6682,David Sharp,6,2026-08-25,Players Championship,PT,Last 128,Won,6 V 5,Mike De Decker,66,88.48,83.29,5.19,5132,174
6682,David Sharp,7,2026-08-24,World Series Finals Tour Card Qualifier,Q,Last 16,Lost,4 V 6,Dirk van Duijvenbode,14,90.41,98.81,-8.4,4189,139
6682,David Sharp,8,2026-07-30,European Tour Card Holder Qualifier,Q,Semi Final,Lost,2 V 6,Beau Greaves,138,87.53,89.34,-1.81,3793,130
6682,David Sharp,9,2026-07-30,European Tour Card Holder Qualifier,Q,Quarter Final,Won,6 V 5,Adam Gawlas,134,90.09,83.68,6.41,5285,176
6682,David Sharp,10,2026-07-30,European Tour Card Holder Qualifier,Q,Final,Lost,5 V 6,Raymond van Barneveld,1982,95.09,88.15,6.94,5357,169
42,Madars Razma,1,2026-09-23,Players Championship,PT,Last 128,Lost,5 V 6,Alan Soutar,5138,97.33,92.59,4.74,5191,160
42,Madars Razma,2,2026-09-22,Players Championship,PT,Last 128,Lost,5 V 6,Mario Vandenbogaerde,2363,98.51,93.59,4.92,5221,159
42,Madars Razma,3,2026-09-11,Baltic Cup Singles Men,0,Final,Won,5 V 4,Andres Adamson,38394,82.03,73.96,8.07,4293,157
42,Madars Razma,4,2026-09-11,Baltic Cup Singles Men,0,Semi Final,Won,4 V 1,Olaf Siigur,22819,82.23,76.39,5.84,2412,88
42,Madars Razma,5,2026-09-11,Baltic Cup Singles Men,0,Quarter Final,Won,4 V 2,Kristaps Mickus,5551,93.79,78.34,15.45,2970,95
42,Madars Razma,6,2026-09-11,Baltic Cup Singles Men,0,Last 16,Won,4 V 3,Tiit Kolotsev,55002,86.55,86.62,-0.07,3260,113
42,Madars Razma,7,2026-09-11,Baltic Cup Singles Men,0,Last 32,Won,4 V 0,Kristians Dudkevics U23,61297,89.73,65.0,24.73,2004,67
42,Madars Razma,8,2026-09-11,Baltic Cup Singles Men,0,Last 64,Won,4 V 2,Ralf-Sander Rebane,22825,85.06,72.34,12.72,2977,105
42,Madars Razma,9,2026-09-11,Baltic Cup Singles Men,0,Last 128,Won,4 V 0,Aurimas Bagdziunas,26236,96.97,63.3,33.67,2004,62
42,Madars Razma,10,2026-09-11,Baltic Cup Singles Men,0,Last 256,Won,4 V 1,Andrejs Sceglovs,47772,84.72,73.39,11.33,2485,88
2363,Mario Vandenbogaerde,1,2026-09-23,Players Championship,PT,Last 64,Lost,4 V 6,Tommy Morris,20140,94.45,86.09,8.36,4691,149
2363,Mario Vandenbogaerde,2,2026-09-23,Players Championship,PT,Last 128,Won,6 V 1,Josh Rock,20114,95.86,89.51,6.35,3451,108
2363,Mario Vandenbogaerde,3,2026-09-22,Players Championship,PT,Last 64,Lost,5 V 6,Dave Chisnall,21,96.31,102.61,-6.3,4944,154
2363,Mario Vandenbogaerde,4,2026-09-22,Players Championship,PT,Last 128,Won,6 V 5,Madars Razma,42,93.59,98.51,-4.92,5116,164
2363,Mario Vandenbogaerde,5,2026-09-05,European Tour,ET,Last 32,Lost,4 V 6,Michael van Gerwen,3,86.81,92.5,-5.69,4485,155
2363,Mario Vandenbogaerde,6,2026-09-04,European Tour,ET,Last 48 (Premier),Won,6 V 2,Dirk van Duijvenbode,14,80.7,77.51,3.19,3766,140
2363,Mario Vandenbogaerde,7,2026-08-26,Players Championship,PT,Last 128,Lost,4 V 6,Luke Humphries,34,89.34,92.38,-3.04,4467,150
2363,Mario Vandenbogaerde,8,2026-08-25,Players Championship,PT,Last 128,Lost,4 V 6,Alexander Merkx,2223,91.71,88.0,3.71,4708,154
2363,Mario Vandenbogaerde,9,2026-08-24,World Series Finals Tour Card Qualifier,Q,Quarter Final,Lost,3 V 6,Dirk van Duijvenbode,14,105.74,104.63,1.11,4018,114
2363,Mario Vandenbogaerde,10,2026-08-24,World Series Finals Tour Card Qualifier,Q,Last 16,Won,6 V 2,Tom Sykes,50760,98.33,96.08,2.25,3671,112
23,Brendan Dolan,1,2026-09-23,Players Championship,PT,Last 16,Lost,1 V 6,Michael van Gerwen,3,80.41,96.97,-16.56,2868,107
23,Brendan Dolan,2,2026-09-23,Players Championship,PT,Last 32,Won,6 V 2,Kai Gotthardt,158,90.87,93.28,-2.41,3756,124
23,Brendan Dolan,3,2026-09-23,Players Championship,PT,Last 64,Won,6 V 4,Owen Bates,14661,92.69,96.61,-3.92,4542,147
23,Brendan Dolan,4,2026-09-23,Players Championship,PT,Last 128,Won,6 V 1,Chris Landman,5183,92.86,84.69,8.17,3343,108
23,Brendan Dolan,5,2026-09-22,Players Championship,PT,Last 64,Lost,5 V 6,Josh Rock,20114,86.35,93.89,-7.54,4951,172
23,Brendan Dolan,6,2026-09-22,Players Championship,PT,Last 128,Won,6 V 1,Dennie Olde Kalter,5162,78.77,75.79,2.98,3387,129
23,Brendan Dolan,7,2026-09-12,European Tour,ET,Last 32,Lost,5 V 6,Stephen Bunting,36,101.76,95.19,6.57,5190,153
23,Brendan Dolan,8,2026-09-11,European Tour,ET,Last 48 (Premier),Won,6 V 3,Dirk van Duijvenbode,14,80.56,87.78,-7.22,4001,149
23,Brendan Dolan,9,2026-08-26,Players Championship,PT,Final,Lost,6 V 8,Luke Humphries,34,87.31,93.88,-6.57,5937,204
23,Brendan Dolan,10,2026-08-26,Players Championship,PT,Semi Final,Won,7 V 4,Luke Littler,5403,97.63,96.42,1.21,5142,158
2014,Stephen Burton,1,2026-09-23,Players Championship,PT,Last 128,Lost,2 V 6,Raymond van Barneveld,1982,83.39,92.9,-9.51,3391,122
2014,Stephen Burton,2,2026-09-22,Players Championship,PT,Last 128,Lost,0 V 6,Daniel Klose,157,86.06,92.97,-6.91,2668,93
2014,Stephen Burton,3,2026-09-11,European Tour,ET,Last 48 (Premier),Lost,5 V 6,Ryan Joyce,28,96.11,95.66,0.45,5094,159
2014,Stephen Burton,4,2026-09-05,European Tour,ET,Last 32,Lost,1 V 6,Ross Smith,26,91.06,97.7,-6.64,3187,105
2014,Stephen Burton,5,2026-09-04,European Tour,ET,Last 48 (Premier),Won,6 V 3,Joe Cullen,6,91.12,88.67,2.45,4313,142
2014,Stephen Burton,6,2026-08-26,Players Championship,PT,Last 128,Lost,5 V 6,Darius Labanauskas,57,87.7,86.15,1.55,4999,171
2014,Stephen Burton,7,2026-08-25,Players Championship,PT,Last 128,Lost,3 V 6,Joe Hunt,14283,87.04,90.68,-3.64,4265,147
2014,Stephen Burton,8,2026-07-30,European Tour Card Holder Qualifier,Q,Final,Won,6 V 5,Tom Bissell,46158,91.06,90.93,0.13,4917,162
2014,Stephen Burton,9,2026-07-30,European Tour Card Holder Qualifier,Q,Semi Final,Won,6 V 4,Cor Dekker,2046,84.94,86.4,-1.46,4530,160
2014,Stephen Burton,10,2026-07-30,European Tour Card Holder Qualifier,Q,Quarter Final,Won,6 V 1,Rusty-Jake Rodriguez,131,85.45,74.95,10.5,3475,122
158,Kai Gotthardt,1,2026-09-23,Players Championship,PT,Last 32,Lost,2 V 6,Brendan Dolan,23,93.28,90.87,2.41,3669,118
158,Kai Gotthardt,2,2026-09-23,Players Championship,PT,Last 64,Won,6 V 5,Wessel Nijman,130,100.16,98.09,2.07,5008,150
158,Kai Gotthardt,3,2026-09-23,Players Championship,PT,Last 128,Won,6 V 3,Ricky Evans,45,94.57,89.05,5.52,4224,134
158,Kai Gotthardt,4,2026-09-22,Players Championship,PT,Last 64,Lost,2 V 6,Kevin Doets,2052,87.73,92.02,-4.29,3626,124
158,Kai Gotthardt,5,2026-09-22,Players Championship,PT,Last 128,Won,6 V 0,Dimitri Van den Bergh,25,86.71,75.56,11.15,3006,104
158,Kai Gotthardt,6,2026-08-26,Players Championship,PT,Last 128,Lost,5 V 6,Sam Price,22829,83.41,88.73,-5.32,5060,182
158,Kai Gotthardt,7,2026-08-25,Players Championship,PT,Last 128,Lost,2 V 6,Harry Ward,103,84.19,93.33,-9.14,3480,124
158,Kai Gotthardt,8,2026-08-24,World Series Finals Tour Card Qualifier,Q,Last 32,Lost,5 V 6,Yorick Hofkens,25319,92.05,81.74,10.31,5308,173
158,Kai Gotthardt,9,2026-07-30,European Tour Card Holder Qualifier,Q,Quarter Final,Lost,1 V 6,Jeffrey de Graaf,2092,86.94,99.17,-12.23,3014,104
158,Kai Gotthardt,10,2026-07-30,European Tour Card Holder Qualifier,Q,Quarter Final,Lost,4 V 6,Alan Soutar,5138,88.61,94.12,-5.51,4460,151
48,Jeffrey de Zwaan,1,2026-09-23,Players Championship,PT,Last 16,Lost,2 V 6,Raymond van Barneveld,1982,88.88,90.92,-2.04,3792,128
48,Jeffrey de Zwaan,2,2026-09-23,Players Championship,PT,Last 32,Won,6 V 4,James Hurrell,5190,93.36,87.9,5.46,4886,157
48,Jeffrey de Zwaan,3,2026-09-23,Players Championship,PT,Last 64,Won,6 V 3,Oskar Lukasiak,5178,88.5,89.3,-0.8,4130,140
48,Jeffrey de Zwaan,4,2026-09-23,Players Championship,PT,Last 128,Won,6 V 3,Filip Bereza,46130,95.46,86.47,8.99,4391,138
48,Jeffrey de Zwaan,5,2026-09-22,Players Championship,PT,Last 64,Lost,3 V 6,Jermaine Wattimena,18,93.58,100.56,-6.98,4024,129
48,Jeffrey de Zwaan,6,2026-09-22,Players Championship,PT,Last 128,Won,6 V 2,Thibault Tricole,5193,85.01,78.7,6.31,3939,139
48,Jeffrey de Zwaan,7,2026-08-26,Players Championship,PT,Last 64,Lost,3 V 6,Justin Hood,2138,88.15,88.96,-0.81,4055,138
48,Jeffrey de Zwaan,8,2026-08-26,Players Championship,PT,Last 128,Won,6 V 4,Joe Cullen,6,89.27,93.08,-3.81,4672,157
48,Jeffrey de Zwaan,9,2026-08-25,Players Championship,PT,Last 128,Lost,3 V 6,Joe Cullen,6,79.19,82.4,-3.21,4118,156
48,Jeffrey de Zwaan,10,2026-08-24,World Series Finals Tour Card Qualifier,Q,Last 16,Lost,2 V 6,Brendan Dolan,23,88.43,84.86,3.57,3773,128
2223,Alexander Merkx,1,2026-09-23,Players Championship,PT,Last 64,Lost,3 V 6,James Hurrell,5190,81.93,82.48,-0.55,4124,151
2223,Alexander Merkx,2,2026-09-23,Players Championship,PT,Last 128,Won,6 V 2,Jeffrey de Graaf,2092,87.72,85.94,1.78,3918,134
2223,Alexander Merkx,3,2026-09-22,Players Championship,PT,Last 128,Lost,5 V 6,Peter Wright,1,83.95,75.86,8.09,5233,187
2223,Alexander Merkx,4,2026-08-26,Players Championship,PT,Last 128,Lost,5 V 6,Ian White,17,86.81,91.24,-4.43,5006,173
2223,Alexander Merkx,5,2026-08-25,Players Championship,PT,Last 64,Lost,4 V 6,Carl Sneyd,23238,87.26,91.38,-4.12,4392,151
2223,Alexander Merkx,6,2026-08-25,Players Championship,PT,Last 128,Won,6 V 4,Mario Vandenbogaerde,2363,88.0,91.71,-3.71,4576,156
2223,Alexander Merkx,7,2026-08-24,World Series Finals Tour Card Qualifier,Q,Last 32,Lost,5 V 6,Sebastian Bialecki,3038,90.69,91.79,-1.1,5018,166
2223,Alexander Merkx,8,2026-07-30,European Tour Card Holder Qualifier,Q,Quarter Final,Lost,2 V 6,Tom Bissell,46158,86.27,94.46,-8.19,3537,123
2223,Alexander Merkx,9,2026-07-30,European Tour Card Holder Qualifier,Q,Quarter Final,Lost,4 V 6,Madars Razma,42,92.17,90.76,1.41,4670,152
2223,Alexander Merkx,10,2026-07-29,Players Championship,PT,Last 64,Lost,4 V 6,William O&#039;Connor,30,94.57,97.51,-2.94,4508,143
2278,Benjamin Pratnemer,1,2026-09-23,Players Championship,PT,Last 128,Lost,5 V 6,Michael van Gerwen,3,95.62,96.49,-0.87,5291,166
2278,Benjamin Pratnemer,2,2026-09-22,Players Championship,PT,Last 32,Lost,2 V 6,Cameron Menzies,2221,86.29,95.6,-9.31,3509,122
2278,Benjamin Pratnemer,3,2026-09-22,Players Championship,PT,Last 64,Won,6 V 4,Chris Landman,5183,96.69,91.46,5.23,4480,139
2278,Benjamin Pratnemer,4,2026-09-22,Players Championship,PT,Last 128,Won,6 V 3,Michael van Gerwen,3,83.81,89.53,-5.72,4051,145
2278,Benjamin Pratnemer,5,2026-08-26,Players Championship,PT,Last 64,Lost,5 V 6,Luke Littler,5403,92.96,93.54,-0.58,5020,162
2278,Benjamin Pratnemer,6,2026-08-26,Players Championship,PT,Last 128,Won,6 V 3,Dominik Gruellich,254,101.63,92.9,8.73,4438,131
2278,Benjamin Pratnemer,7,2026-08-25,Players Championship,PT,Last 128,Lost,3 V 6,Richard Veenstra,5145,90.54,85.94,4.6,4165,138
2278,Benjamin Pratnemer,8,2026-08-24,World Series Finals Tour Card Qualifier,Q,Semi Final,Lost,2 V 6,Daryl Gurney,24,90.08,99.55,-9.47,3423,114
2278,Benjamin Pratnemer,9,2026-08-24,World Series Finals Tour Card Qualifier,Q,Quarter Final,Won,6 V 5,Tom Bissell,46158,92.03,93.84,-1.81,5031,164
2278,Benjamin Pratnemer,10,2026-08-24,World Series Finals Tour Card Qualifier,Q,Last 16,Won,6 V 5,Dave Chisnall,21,91.98,86.57,5.41,5120,167
2171,Christian Kist,1,2026-09-23,Players Championship,PT,Last 128,Lost,5 V 6,Arno Merk,9975,91.48,78.98,12.5,5306,174
2171,Christian Kist,2,2026-09-22,Players Championship,PT,Last 128,Lost,1 V 6,Niels Zonneveld,55,91.53,92.89,-1.36,3112,102
2171,Christian Kist,3,2026-08-26,Players Championship,PT,Last 128,Lost,5 V 6,Viktor Tingstrom,3094,86.85,90.57,-3.72,5124,177
2171,Christian Kist,4,2026-08-25,Players Championship,PT,Last 128,Lost,4 V 6,Dave Chisnall,21,90.93,87.59,3.34,4607,152
2171,Christian Kist,5,2026-08-24,World Series Finals Tour Card Qualifier,Q,Last 16,Lost,5 V 6,Charlie Manby,5636,88.62,95.46,-6.84,4874,165
2171,Christian Kist,6,2026-08-24,World Series Finals Tour Card Qualifier,Q,Last 32,Won,6 V 4,Scott Williams,5137,89.21,84.45,4.76,4877,164
2171,Christian Kist,7,2026-07-30,European Tour Card Holder Qualifier,Q,Quarter Final,Lost,3 V 6,Oskar Lukasiak,5178,82.05,81.25,0.8,4157,152
2171,Christian Kist,8,2026-07-30,European Tour Card Holder Qualifier,Q,Last 16,Lost,1 V 6,Leon Weber,32046,81.97,88.64,-6.67,2951,108
2171,Christian Kist,9,2026-07-29,Players Championship,PT,Last 64,Lost,3 V 6,Karel Sedláček,44,77.59,90.84,-13.25,3802,147
2171,Christian Kist,10,2026-07-29,Players Championship,PT,Last 128,Won,6 V 2,Sam Price,22829,82.1,72.19,9.91,3968,145
57,Darius Labanauskas,1,2026-09-23,Players Championship,PT,Last 64,Lost,3 V 6,Damon Heta,13,86.87,93.51,-6.64,3909,135
57,Darius Labanauskas,2,2026-09-23,Players Championship,PT,Last 128,Won,6 V 3,Tytus Kanik,2167,91.04,88.61,2.43,4309,142
57,Darius Labanauskas,3,2026-09-22,Players Championship,PT,Last 32,Lost,4 V 6,Gian van Veen,2641,94.37,104.78,-10.41,4341,138
57,Darius Labanauskas,4,2026-09-22,Players Championship,PT,Last 64,Won,6 V 4,Thomas Lovely,2199,83.42,88.07,-4.65,4616,166
57,Darius Labanauskas,5,2026-09-22,Players Championship,PT,Last 128,Won,6 V 5,Shane McGuirk,3043,93.36,97.83,-4.47,4948,159
57,Darius Labanauskas,6,2026-08-26,Players Championship,PT,Last 64,Lost,1 V 6,Richard Veenstra,5145,86.47,94.24,-7.77,3113,108
57,Darius Labanauskas,7,2026-08-26,Players Championship,PT,Last 128,Won,6 V 5,Stephen Burton,2014,86.15,87.7,-1.55,5054,176
57,Darius Labanauskas,8,2026-08-25,Players Championship,PT,Last 128,Lost,3 V 6,Martin Schindler,82,90.22,88.04,2.18,4180,139
57,Darius Labanauskas,9,2026-08-24,World Series Finals Tour Card Qualifier,Q,Quarter Final,Lost,2 V 6,Charlie Manby,5636,92.97,99.44,-6.47,3440,111
57,Darius Labanauskas,10,2026-08-24,World Series Finals Tour Card Qualifier,Q,Last 16,Won,6 V 3,Ritchie Edhouse,2062,92.73,85.4,7.33,4420,143
2273,Wesley Plaisier,1,2026-09-23,Players Championship,PT,Last 128,Lost,4 V 6,Daniel Klose,157,91.14,94.46,-3.32,4618,152
2273,Wesley Plaisier,2,2026-09-22,Players Championship,PT,Last 64,Lost,0 V 6,Chris Dobey,39,90.5,112.73,-22.23,2353,78
2273,Wesley Plaisier,3,2026-09-22,Players Championship,PT,Last 128,Won,6 V 1,Tavis Dudeney,3059,90.44,80.24,10.2,3467,115
2273,Wesley Plaisier,4,2026-08-26,Players Championship,PT,Last 32,Lost,2 V 6,Martijn Dragt,7302,78.72,91.13,-12.41,3280,125
2273,Wesley Plaisier,5,2026-08-26,Players Championship,PT,Last 64,Won,6 V 4,Jimmy van Schie,10123,86.34,88.88,-2.54,4835,168
2273,Wesley Plaisier,6,2026-08-26,Players Championship,PT,Last 128,Won,6 V 3,Joe Hunt,14283,90.43,81.81,8.62,4401,146
2273,Wesley Plaisier,7,2026-08-25,Players Championship,PT,Last 32,Lost,4 V 6,Kevin Doets,2052,79.62,91.16,-11.54,4379,165
2273,Wesley Plaisier,8,2026-08-25,Players Championship,PT,Last 64,Won,6 V 4,Richard Veenstra,5145,83.26,91.12,-7.86,4413,159
2273,Wesley Plaisier,9,2026-08-25,Players Championship,PT,Last 128,Won,6 V 4,Leon Weber,32046,87.47,80.92,6.55,4811,165
2273,Wesley Plaisier,10,2026-08-24,World Series Finals Tour Card Qualifier,Q,Last 16,Lost,4 V 6,James Hurrell,5190,88.96,85.88,3.08,4774,161
10123,Jimmy van Schie,1,2026-09-23,Players Championship,PT,Last 32,Lost,4 V 6,Michael van Gerwen,3,95.23,107.47,-12.24,4349,137
10123,Jimmy van Schie,2,2026-09-23,Players Championship,PT,Last 64,Won,6 V 3,Dave Chisnall,21,86.37,80.9,5.47,4261,148
10123,Jimmy van Schie,3,2026-09-23,Players Championship,PT,Last 128,Won,6 V 0,James Beeton,2690,90.18,76.97,13.21,3006,100
10123,Jimmy van Schie,4,2026-09-22,Players Championship,PT,Last 128,Lost,5 V 6,Danny Noppert,22,102.33,106.74,-4.41,5014,147
10123,Jimmy van Schie,5,2026-08-26,Players Championship,PT,Last 64,Lost,4 V 6,Wesley Plaisier,2273,88.88,86.34,2.54,4918,166
10123,Jimmy van Schie,6,2026-08-26,Players Championship,PT,Last 128,Won,6 V 3,Mickey Mansell,65,105.36,99.96,5.4,4144,118
10123,Jimmy van Schie,7,2026-08-25,Players Championship,PT,Last 128,Lost,3 V 6,Ryan Joyce,28,94.21,94.37,-0.16,4051,129
10123,Jimmy van Schie,8,2026-08-24,World Series Finals Tour Card Qualifier,Q,Last 16,Lost,5 V 6,Karel Sedláček,44,97.66,101.82,-4.16,5013,154
10123,Jimmy van Schie,9,2026-08-24,World Series Finals Tour Card Qualifier,Q,Last 32,Won,6 V 5,Mickey Mansell,65,98.32,104.18,-5.86,5047,154
10123,Jimmy van Schie,10,2026-08-22,Mariahout Dartshop Tournament,0,Final,Won,6 V 4,Kendji Steinbach,22596,87.78,81.49,6.29,4828,165
5183,Chris Landman,1,2026-09-23,Players Championship,PT,Last 128,Lost,1 V 6,Brendan Dolan,23,84.69,92.86,-8.17,3049,108
5183,Chris Landman,2,2026-09-22,Players Championship,PT,Last 64,Lost,4 V 6,Benjamin Pratnemer,2278,91.46,96.69,-5.23,4146,136
5183,Chris Landman,3,2026-09-22,Players Championship,PT,Last 128,Won,6 V 1,Steve Lennon,46,84.39,82.88,1.51,3432,122
5183,Chris Landman,4,2026-09-12,European Tour,ET,Last 32,Lost,2 V 6,Danny Noppert,22,89.12,97.71,-8.59,3327,112
5183,Chris Landman,5,2026-09-11,European Tour,ET,Last 48 (Premier),Won,6 V 5,Andrew Gilding,2088,89.78,92.5,-2.72,5207,174
5183,Chris Landman,6,2026-08-26,Players Championship,PT,Last 128,Lost,0 V 6,Cristo Reyes,63,92.28,99.1,-6.82,2676,87
5183,Chris Landman,7,2026-08-25,Players Championship,PT,Last 64,Lost,3 V 6,Kevin Doets,2052,88.97,89.21,-0.24,4241,143
5183,Chris Landman,8,2026-08-25,Players Championship,PT,Last 128,Won,6 V 1,Tom Bissell,46158,93.43,86.24,7.19,3457,111
5183,Chris Landman,9,2026-08-24,World Series Finals Tour Card Qualifier,Q,Last 32,Lost,4 V 6,Oskar Lukasiak,5178,84.62,90.84,-6.22,4400,156
5183,Chris Landman,10,2026-07-30,European Tour Card Holder Qualifier,Q,Final,Won,6 V 3,Wesley Plaisier,2273,82.42,81.12,1.3,4341,158
47,Ryan Meikle,1,2026-09-23,Players Championship,PT,Last 64,Lost,1 V 6,Rob Owen,62480,85.53,98.37,-12.84,2908,102
47,Ryan Meikle,2,2026-09-23,Players Championship,PT,Last 128,Won,6 V 4,Bradley Brooks,74,90.66,91.58,-0.92,4654,154
47,Ryan Meikle,3,2026-09-22,Players Championship,PT,Last 128,Lost,3 V 6,Daryl Gurney,24,89.37,96.92,-7.55,3843,129
47,Ryan Meikle,4,2026-08-26,Players Championship,PT,Last 128,Lost,0 V 6,Karel Sedláček,44,72.67,88.41,-15.74,2398,99
47,Ryan Meikle,5,2026-08-25,Players Championship,PT,Last 128,Lost,4 V 6,Owen Bates,14661,80.83,90.65,-9.82,4203,156
47,Ryan Meikle,6,2026-08-24,World Series Finals Tour Card Qualifier,Q,Quarter Final,Lost,3 V 6,Karel Sedláček,44,87.6,103.8,-16.2,3796,130
47,Ryan Meikle,7,2026-08-24,World Series Finals Tour Card Qualifier,Q,Last 16,Won,6 V 3,Mike De Decker,66,84.48,88.06,-3.58,4027,143
47,Ryan Meikle,8,2026-07-30,European Tour Card Holder Qualifier,Q,Semi Final,Lost,2 V 6,Gabriel Clemens,38,77.49,87.73,-10.24,3513,136
47,Ryan Meikle,9,2026-07-30,European Tour Card Holder Qualifier,Q,Quarter Final,Won,6 V 0,Thibault Tricole,5193,92.02,76.68,15.34,3006,98
47,Ryan Meikle,10,2026-07-30,European Tour Card Holder Qualifier,Q,Semi Final,Lost,3 V 6,Jeffrey de Graaf,2092,79.25,86.23,-6.98,3989,151
33021,Cam Crabtree,1,2026-09-23,Players Championship,PT,Last 32,Lost,2 V 6,Raymond van Barneveld,1982,80.18,99.56,-19.38,3207,120
33021,Cam Crabtree,2,2026-09-23,Players Championship,PT,Last 64,Won,6 V 4,Stefan Bellmont,1989,96.12,95.77,0.35,4806,150
33021,Cam Crabtree,3,2026-09-23,Players Championship,PT,Last 128,Won,6 V 3,Krzysztof Ratajski,12,95.17,95.89,-0.72,4378,138
33021,Cam Crabtree,4,2026-09-22,Players Championship,PT,Last 128,Lost,0 V 6,Chris Dobey,39,98.5,103.66,-5.16,2758,84
33021,Cam Crabtree,5,2026-09-04,CDC Congressional,0,Last 32,Lost,3 V 5,BJ Pollock,55259,79.99,84.91,-4.92,3626,136
33021,Cam Crabtree,6,2026-09-04,CDC Congressional,0,Last 64,Won,5 V 1,Patrick Guariglia,16638,91.61,83.63,7.98,2901,95
33021,Cam Crabtree,7,2026-08-26,Players Championship,PT,Last 64,Lost,3 V 6,Cristo Reyes,63,92.24,96.77,-4.53,3905,127
33021,Cam Crabtree,8,2026-08-26,Players Championship,PT,Last 128,Won,6 V 2,Rusty-Jake Rodriguez,131,91.03,76.45,14.58,3884,128
33021,Cam Crabtree,9,2026-08-25,Players Championship,PT,Last 64,Lost,4 V 6,Martijn Dragt,7302,88.51,90.45,-1.94,4750,161
33021,Cam Crabtree,10,2026-08-25,Players Championship,PT,Last 128,Won,6 V 3,Luke Humphries,34,98.77,97.85,0.92,4280,130
14385,Adam Lipscombe,1,2026-09-23,Players Championship,PT,Last 128,Lost,3 V 6,Tommy Lishman,3086,83.65,88.07,-4.42,4015,144
14385,Adam Lipscombe,2,2026-09-22,Players Championship,PT,Last 128,Lost,3 V 6,Robert Owen,51308,74.6,82.95,-8.35,3705,149
14385,Adam Lipscombe,3,2026-08-26,Players Championship,PT,Last 128,Lost,5 V 6,Adam Paxton,2417,81.9,80.23,1.67,5187,190
14385,Adam Lipscombe,4,2026-08-25,Players Championship,PT,Last 64,Lost,0 V 6,Mickey Mansell,65,86.82,101.33,-14.51,2431,84
14385,Adam Lipscombe,5,2026-08-25,Players Championship,PT,Last 128,Won,6 V 4,Karel Sedláček,44,94.1,91.55,2.55,4705,150
14385,Adam Lipscombe,6,2026-08-24,World Series Finals Tour Card Qualifier,Q,Last 32,Lost,4 V 6,Richard Veenstra,5145,95.83,102.48,-6.65,4408,138
14385,Adam Lipscombe,7,2026-07-30,European Tour Card Holder Qualifier,Q,Quarter Final,Lost,4 V 6,Connor Scutt,2317,89.39,92.88,-3.49,4559,153
14385,Adam Lipscombe,8,2026-07-30,European Tour Card Holder Qualifier,Q,Last 16,Lost,5 V 6,Keane Barry,129,91.6,93.55,-1.95,4977,163
14385,Adam Lipscombe,9,2026-07-29,Players Championship,PT,Last 128,Lost,3 V 6,Nick Kenny,84,82.37,86.05,-3.68,4036,147
14385,Adam Lipscombe,10,2026-07-28,Players Championship,PT,Last 128,Lost,4 V 6,Krzysztof Ratajski,12,90.34,97.47,-7.13,4487,149
2046,Cor Dekker,1,2026-09-23,Players Championship,PT,Last 128,Lost,4 V 6,Jurjen van der Velde,2784,89.26,90.71,-1.45,4701,158
2046,Cor Dekker,2,2026-09-22,Players Championship,PT,Last 16,Lost,4 V 6,William O&#039;Connor,30,95.39,97.91,-2.52,4547,143
2046,Cor Dekker,3,2026-09-22,Players Championship,PT,Last 32,Won,6 V 5,Martijn Dragt,7302,101.63,100.56,1.07,4946,146
2046,Cor Dekker,4,2026-09-22,Players Championship,PT,Last 64,Won,6 V 2,Richard Veenstra,5145,91.46,95.01,-3.55,3628,119
2046,Cor Dekker,5,2026-09-22,Players Championship,PT,Last 128,Won,6 V 2,Niall Culleton,2034,84.84,87.23,-2.39,3846,136
2046,Cor Dekker,6,2026-08-26,Players Championship,PT,Last 128,Lost,2 V 6,Chris Dobey,39,87.83,103.3,-15.47,3279,112
2046,Cor Dekker,7,2026-08-25,Players Championship,PT,Last 128,Lost,3 V 6,William O&#039;Connor,30,95.42,90.92,4.5,4103,129
2046,Cor Dekker,8,2026-08-24,World Series Finals Tour Card Qualifier,Q,Last 32,Lost,5 V 6,James Hurrell,5190,85.71,86.77,-1.06,4771,167
2046,Cor Dekker,9,2026-08-09,Nordic Baltic Tour,0,Quarter Final,Lost,4 V 6,Anton Ostlund,24698,83.16,86.54,-3.38,4657,168
2046,Cor Dekker,10,2026-08-09,Nordic Baltic Tour,0,Last 16,Won,6 V 4,Andreas Nielsen,20672,93.41,90.41,3.0,4733,152
1982,Raymond van Barneveld,1,2026-09-23,Players Championship,PT,Quarter Final,Lost,4 V 6,Niels Zonneveld,55,83.56,93.06,-9.5,4345,156
1982,Raymond van Barneveld,2,2026-09-23,Players Championship,PT,Last 16,Won,6 V 2,Jeffrey de Zwaan,48,90.92,88.88,2.04,3940,130
1982,Raymond van Barneveld,3,2026-09-23,Players Championship,PT,Last 32,Won,6 V 2,Cam Crabtree,33021,99.56,80.18,19.38,3916,118
1982,Raymond van Barneveld,4,2026-09-23,Players Championship,PT,Last 64,Won,6 V 2,Tyler Thorpe,27176,91.98,87.14,4.84,3894,127
1982,Raymond van Barneveld,5,2026-09-23,Players Championship,PT,Last 128,Won,6 V 2,Stephen Burton,2014,92.9,83.39,9.51,3902,126
1982,Raymond van Barneveld,6,2026-09-22,Players Championship,PT,Last 64,Lost,3 V 6,Martijn Dragt,7302,89.74,88.51,1.23,4158,139
1982,Raymond van Barneveld,7,2026-09-22,Players Championship,PT,Last 128,Won,6 V 4,Stephen Rosney,3057,87.87,81.87,6.0,4774,163
1982,Raymond van Barneveld,8,2026-09-11,European Tour,ET,Last 48 (Premier),Lost,2 V 6,Jim Long,5147,82.04,85.7,-3.66,3692,135
1982,Raymond van Barneveld,9,2026-08-26,Players Championship,PT,Last 64,Lost,5 V 6,Greg Ritchie,2295,85.57,87.53,-1.96,5020,176
1982,Raymond van Barneveld,10,2026-08-26,Players Championship,PT,Last 128,Won,6 V 4,Niko Springer,196,88.93,92.15,-3.22,4565,154
17,Ian White,1,2026-09-23,Players Championship,PT,Last 64,Lost,3 V 6,Michael van Gerwen,3,86.18,87.97,-1.79,4108,143
17,Ian White,2,2026-09-23,Players Championship,PT,Last 128,Won,6 V 2,Nathan Potter,2931,98.13,76.3,21.83,3925,120
17,Ian White,3,2026-09-22,Players Championship,PT,Last 128,Lost,1 V 6,Cristo Reyes,63,93.41,110.59,-17.18,2709,87
17,Ian White,4,2026-08-26,Players Championship,PT,Last 64,Lost,3 V 6,William O&#039;Connor,30,85.83,96.45,-10.62,3805,133
17,Ian White,5,2026-08-26,Players Championship,PT,Last 128,Won,6 V 5,Alexander Merkx,2223,91.24,86.81,4.43,5170,170
17,Ian White,6,2026-08-25,Players Championship,PT,Last 128,Lost,2 V 6,Adam Gawlas,134,85.39,90.76,-5.37,3615,127
17,Ian White,7,2026-08-24,World Series Finals Tour Card Qualifier,Q,Last 32,Lost,5 V 6,Stefaan Henderyck,20186,79.87,78.5,1.37,5245,197
17,Ian White,8,2026-07-08,European Tour Card Holder Qualifier,Q,Quarter Final,Lost,1 V 6,Alexander Merkx,2223,91.9,95.72,-3.82,3186,104
17,Ian White,9,2026-07-07,Players Championship,PT,Last 128,Lost,2 V 6,David Sharp,6682,94.43,101.27,-6.84,3494,111
17,Ian White,10,2026-07-06,Players Championship,PT,Last 128,Lost,5 V 6,Yorick Hofkens,25319,86.61,90.19,-3.58,5052,175
19,Mervyn King,1,2026-09-23,Players Championship,PT,Last 128,Lost,2 V 6,Nathan Aspinall,8,82.2,93.14,-10.94,3425,125
19,Mervyn King,2,2026-09-22,Players Championship,PT,Last 128,Lost,1 V 6,Jeffrey de Graaf,2092,96.0,100.71,-4.71,2976,93
19,Mervyn King,3,2026-08-26,Players Championship,PT,Last 128,Lost,3 V 6,Niels Zonneveld,55,86.45,90.15,-3.7,3919,136
19,Mervyn King,4,2026-08-25,Players Championship,PT,Last 128,Lost,5 V 6,Mickey Mansell,65,92.13,91.24,0.89,5098,166
19,Mervyn King,5,2026-08-24,World Series Finals Tour Card Qualifier,Q,Last 32,Lost,4 V 6,Callan Rydz,35,102.7,101.38,1.32,4553,133
19,Mervyn King,6,2026-08-15,Zwaantje Masters,0,Semi Final,Lost,0 V 2,Andy Baetens,5146,84.21,85.41,-1.2,3144,112
19,Mervyn King,7,2026-08-15,Zwaantje Masters,0,Quarter Final,Won,6 V 4,Danny Noppert,22,85.42,86.73,-1.31,4755,167
19,Mervyn King,8,2026-08-15,Zwaantje Masters,0,Last 16,Won,5 V 2,Willem Mandigers,5188,78.81,75.23,3.58,3205,122
19,Mervyn King,9,2026-08-15,Zwaantje Masters,0,Round Robin,Won,4 V 1,Mark Slegers,59913,68.67,60.08,8.59,2495,109
19,Mervyn King,10,2026-08-15,Zwaantje Masters,0,Round Robin,Won,4 V 0,Robby van Eijndhoven,21056,85.89,74.36,11.53,2004,70
5162,Dennie Olde Kalter,1,2026-09-23,Players Championship,PT,Last 128,Lost,3 V 6,Leon Weber,32046,81.91,78.1,3.81,4232,155
5162,Dennie Olde Kalter,2,2026-09-22,Players Championship,PT,Last 128,Lost,1 V 6,Brendan Dolan,23,75.79,78.77,-2.98,3057,121
5162,Dennie Olde Kalter,3,2026-08-26,Players Championship,PT,Last 128,Lost,3 V 6,Cameron Menzies,2221,86.63,99.59,-12.96,3494,121
5162,Dennie Olde Kalter,4,2026-08-25,Players Championship,PT,Last 128,Lost,3 V 6,Darryl Pilgrim,5185,89.2,88.22,0.98,4133,139
5162,Dennie Olde Kalter,5,2026-08-24,World Series Finals Tour Card Qualifier,Q,Last 16,Lost,2 V 6,Kevin Doets,2052,99.19,97.53,1.66,3736,113
5162,Dennie Olde Kalter,6,2026-08-15,Zwaantje Masters,0,Round Robin,Lost,1 V 4,Danny Noppert,22,87.26,96.32,-9.06,2036,70
5162,Dennie Olde Kalter,7,2026-08-15,Zwaantje Masters,0,Round Robin,Won,4 V 0,Mike Jansen,23503,92.49,66.81,25.68,2004,65
5162,Dennie Olde Kalter,8,2026-08-15,Zwaantje Masters,0,Round Robin,Lost,1 V 4,Jan-Willem van Hout,35974,74.13,75.19,-1.06,2372,96
5162,Dennie Olde Kalter,9,2026-08-15,Zwaantje Masters,0,Round Robin,Won,4 V 0,Gaelle Dept,42571,78.08,41.16,36.92,2004,77
5162,Dennie Olde Kalter,10,2026-08-15,Zwaantje Masters,0,Round Robin,Won,4 V 2,Michael van de Ven,36003,90.31,81.49,8.82,2950,98
20494,Adam Leek,1,2026-09-23,Players Championship,PT,Last 128,Lost,1 V 6,Lewis Pride,2280,83.48,99.42,-15.94,2755,99
20494,Adam Leek,2,2026-09-22,Players Championship,PT,Last 128,Lost,2 V 6,Joe Hunt,14283,88.75,100.44,-11.69,3343,113
20494,Adam Leek,3,2026-09-18,World Series of Darts Finals,MJ,Last 32,Lost,5 V 6,Jim Long,5147,91.02,94.52,-3.5,5067,167
20494,Adam Leek,4,2026-08-28,European Tour,ET,Last 48 (Premier),Lost,3 V 6,Joe Cullen,6,92.43,97.55,-5.12,3913,127
20494,Adam Leek,5,2026-08-26,Players Championship,PT,Last 128,Lost,3 V 6,Owen Bates,14661,87.16,96.6,-9.44,3806,131
20494,Adam Leek,6,2026-08-25,Players Championship,PT,Last 128,Lost,4 V 6,Ryan Searle,31,82.42,92.29,-9.87,4368,159
20494,Adam Leek,7,2026-08-21,World Series of Darts,WS,Last 16,Lost,3 V 6,Josh Rock,20114,77.78,86.75,-8.97,3941,152
20494,Adam Leek,8,2026-08-15,World Series of Darts,WS,Quarter Final,Lost,3 V 6,Raymond Smith,5136,93.35,96.72,-3.37,3952,127
20494,Adam Leek,9,2026-08-14,World Series of Darts,WS,Last 16,Won,6 V 5,Ross Smith,26,87.82,88.79,-0.97,5269,180
20494,Adam Leek,10,2026-07-30,European Tour Card Holder Qualifier,Q,Quarter Final,Lost,5 V 6,Charlie Manby,5636,90.62,84.02,6.6,5256,174
3057,Stephen Rosney,1,2026-09-23,Players Championship,PT,Last 64,Lost,1 V 6,Niels Zonneveld,55,87.71,98.51,-10.8,3070,105
3057,Stephen Rosney,2,2026-09-23,Players Championship,PT,Last 128,Won,6 V 0,Ricardo Pietreczko,153,92.97,74.22,18.75,3006,97
3057,Stephen Rosney,3,2026-09-22,Players Championship,PT,Last 128,Lost,4 V 6,Raymond van Barneveld,1982,81.87,87.87,-6.0,4530,166
3057,Stephen Rosney,4,2026-08-26,Players Championship,PT,Last 128,Lost,4 V 6,Luke Littler,5403,92.8,96.81,-4.01,4702,152
3057,Stephen Rosney,5,2026-08-25,Players Championship,PT,Last 128,Lost,3 V 6,Jermaine Wattimena,18,81.57,92.58,-11.01,3861,142
3057,Stephen Rosney,6,2026-08-24,World Series Finals Tour Card Qualifier,Q,Last 32,Lost,3 V 6,Jeffrey de Graaf,2092,90.2,93.82,-3.62,4119,137
3057,Stephen Rosney,7,2026-07-30,European Tour Card Holder Qualifier,Q,Last 16,Lost,1 V 6,James Hurrell,5190,82.74,94.24,-11.5,2951,107
3057,Stephen Rosney,8,2026-07-30,European Tour Card Holder Qualifier,Q,Quarter Final,Lost,2 V 6,David Sharp,6682,90.34,92.36,-2.02,3433,114
3057,Stephen Rosney,9,2026-07-30,European Tour Card Holder Qualifier,Q,Last 16,Won,6 V 5,Richard Veenstra,5145,92.58,90.63,1.95,4907,159
3057,Stephen Rosney,10,2026-07-29,Players Championship,PT,Last 64,Lost,1 V 6,Gian van Veen,2641,79.79,88.68,-8.89,2979,112
2199,Thomas Lovely,1,2026-09-23,Players Championship,PT,Last 64,Lost,4 V 6,Charlie Manby,5636,90.18,90.4,-0.22,4509,150
2199,Thomas Lovely,2,2026-09-23,Players Championship,PT,Last 128,Won,6 V 4,Nick Kenny,84,93.12,96.5,-3.38,4656,150
2199,Thomas Lovely,3,2026-09-22,Players Championship,PT,Last 64,Lost,4 V 6,Darius Labanauskas,57,88.07,83.42,4.65,4756,162
2199,Thomas Lovely,4,2026-09-22,Players Championship,PT,Last 128,Won,6 V 5,Martin Schindler,82,96.92,98.14,-1.22,5137,159
2199,Thomas Lovely,5,2026-08-26,Players Championship,PT,Last 32,Lost,3 V 6,Jeffrey de Graaf,2092,81.8,92.21,-10.41,3899,143
2199,Thomas Lovely,6,2026-08-26,Players Championship,PT,Last 64,Won,6 V 2,Connor Scutt,2317,93.52,97.18,-3.66,3616,116
2199,Thomas Lovely,7,2026-08-26,Players Championship,PT,Last 128,Won,6 V 5,Jermaine Wattimena,18,91.33,96.92,-5.59,5023,165
2199,Thomas Lovely,8,2026-08-25,Players Championship,PT,Last 128,Lost,3 V 6,Tommy Morris,20140,93.18,97.12,-3.94,4162,134
2199,Thomas Lovely,9,2026-08-24,World Series Finals Tour Card Qualifier,Q,Last 16,Lost,3 V 6,Keane Barry,129,89.84,90.91,-1.07,4013,134
2199,Thomas Lovely,10,2026-08-24,World Series Finals Tour Card Qualifier,Q,Last 32,Won,6 V 2,Filip Bereza,46130,85.27,80.57,4.7,3752,132
33,Andy Boulton,1,2026-09-23,Players Championship,PT,Last 128,Lost,3 V 6,Mickey Mansell,65,89.93,90.36,-0.43,3927,131
33,Andy Boulton,2,2026-09-22,Players Championship,PT,Last 128,Lost,2 V 6,Maik Kuivenhoven,91,81.76,84.35,-2.59,3652,134
33,Andy Boulton,3,2026-08-26,Players Championship,PT,Last 16,Lost,3 V 6,Luke Littler,5403,87.29,95.48,-8.19,3957,136
33,Andy Boulton,4,2026-08-26,Players Championship,PT,Last 32,Won,6 V 3,Shane McGuirk,3043,90.23,88.81,1.42,4331,144
33,Andy Boulton,5,2026-08-26,Players Championship,PT,Last 64,Won,6 V 5,Tom Bissell,46158,87.72,93.37,-5.65,5029,172
33,Andy Boulton,6,2026-08-26,Players Championship,PT,Last 128,Won,6 V 5,Beau Greaves,138,94.24,95.45,-1.21,5089,162
33,Andy Boulton,7,2026-08-25,Players Championship,PT,Last 128,Lost,1 V 6,Daryl Gurney,24,87.92,97.57,-9.65,2960,101
33,Andy Boulton,8,2026-08-24,World Series Finals Tour Card Qualifier,Q,Last 16,Lost,1 V 6,Luke Woodhouse,70,84.87,96.3,-11.43,3027,107
33,Andy Boulton,9,2026-07-30,European Tour Card Holder Qualifier,Q,Semi Final,Lost,4 V 6,Raymond van Barneveld,1982,85.83,88.03,-2.2,4635,162
33,Andy Boulton,10,2026-07-30,European Tour Card Holder Qualifier,Q,Quarter Final,Won,6 V 2,Owen Bates,14661,89.23,84.33,4.9,3926,132
14661,Owen Bates,1,2026-09-23,Players Championship,PT,Last 64,Lost,4 V 6,Brendan Dolan,23,96.61,92.69,3.92,4605,143
14661,Owen Bates,2,2026-09-23,Players Championship,PT,Last 128,Won,6 V 3,Ben Townley,47658,96.2,86.69,9.51,4361,136
14661,Owen Bates,3,2026-09-22,Players Championship,PT,Last 128,Lost,5 V 6,Richard Veenstra,5145,88.92,86.76,2.16,5128,173
14661,Owen Bates,4,2026-08-26,Players Championship,PT,Quarter Final,Lost,4 V 6,Luke Humphries,34,90.08,92.88,-2.8,4654,155
14661,Owen Bates,5,2026-08-26,Players Championship,PT,Last 16,Won,6 V 1,Justin Hood,2138,103.57,94.28,9.29,3487,101
14661,Owen Bates,6,2026-08-26,Players Championship,PT,Last 32,Won,6 V 5,Wessel Nijman,130,85.57,87.31,-1.74,4906,172
14661,Owen Bates,7,2026-08-26,Players Championship,PT,Last 64,Won,6 V 2,Christopher Wickenden,7707,98.57,90.41,8.16,3910,119
14661,Owen Bates,8,2026-08-26,Players Championship,PT,Last 128,Won,6 V 3,Adam Leek,20494,96.6,87.16,9.44,4315,134
14661,Owen Bates,9,2026-08-25,Players Championship,PT,Last 64,Lost,4 V 6,Rob Cross,29,88.8,90.53,-1.73,4677,158
14661,Owen Bates,10,2026-08-25,Players Championship,PT,Last 128,Won,6 V 4,Ryan Meikle,47,90.65,80.83,9.82,4774,158
1,Peter Wright,1,2026-09-23,Players Championship,PT,Last 64,Lost,5 V 6,Keane Barry,129,90.59,92.02,-1.43,4952,164
1,Peter Wright,2,2026-09-23,Players Championship,PT,Last 128,Won,6 V 2,Mike De Decker,66,90.9,83.55,7.35,3848,127
1,Peter Wright,3,2026-09-22,Players Championship,PT,Last 64,Lost,4 V 6,Andrew Gilding,2088,98.98,95.67,3.31,4652,141
1,Peter Wright,4,2026-09-22,Players Championship,PT,Last 128,Won,6 V 5,Alexander Merkx,2223,75.86,83.95,-8.09,4754,188
1,Peter Wright,5,2026-08-26,Players Championship,PT,Last 128,Lost,4 V 6,Jeffrey de Graaf,2092,98.12,91.43,6.69,4808,147
1,Peter Wright,6,2026-08-25,Players Championship,PT,Last 32,Lost,5 V 6,Krzysztof Ratajski,12,91.39,90.58,0.81,5118,168
1,Peter Wright,7,2026-08-25,Players Championship,PT,Last 64,Won,6 V 5,Gabriel Clemens,38,97.03,99.92,-2.89,5175,160
1,Peter Wright,8,2026-08-25,Players Championship,PT,Last 128,Won,6 V 2,Cristo Reyes,63,91.03,92.85,-1.82,3702,122
1,Peter Wright,9,2026-08-24,World Series Finals Tour Card Qualifier,Q,Semi Final,Lost,5 V 6,Rob Cross,29,94.26,98.31,-4.05,4996,159
1,Peter Wright,10,2026-08-24,World Series Finals Tour Card Qualifier,Q,Quarter Final,Won,6 V 4,Jeffrey de Graaf,2092,96.44,93.71,2.73,4565,142
5193,Thibault Tricole,1,2026-09-23,Players Championship,PT,Last 128,Lost,3 V 6,Stefan Bellmont,1989,93.19,92.79,0.4,3914,126
5193,Thibault Tricole,2,2026-09-22,Players Championship,PT,Last 128,Lost,2 V 6,Jeffrey de Zwaan,48,78.7,85.01,-6.31,3489,133
5193,Thibault Tricole,3,2026-08-26,Players Championship,PT,Last 128,Lost,2 V 6,Martijn Dragt,7302,84.87,92.63,-7.76,3593,127
5193,Thibault Tricole,4,2026-08-25,Players Championship,PT,Last 128,Lost,1 V 6,Nathan Aspinall,8,83.48,95.97,-12.49,2894,104
5193,Thibault Tricole,5,2026-08-24,World Series Finals Tour Card Qualifier,Q,Last 32,Lost,4 V 6,Owen Bates,14661,92.37,96.89,-4.52,4557,148
5193,Thibault Tricole,6,2026-07-30,European Tour Card Holder Qualifier,Q,Quarter Final,Lost,0 V 6,Ryan Meikle,47,76.68,92.02,-15.34,2377,93
5193,Thibault Tricole,7,2026-07-30,European Tour Card Holder Qualifier,Q,Quarter Final,Lost,4 V 6,Scott Williams,5137,82.67,90.34,-7.67,4354,158
5193,Thibault Tricole,8,2026-07-29,Players Championship,PT,Last 128,Lost,1 V 6,Cor Dekker,2046,78.73,92.41,-13.68,2808,107
5193,Thibault Tricole,9,2026-07-28,Players Championship,PT,Last 128,Lost,3 V 6,Jurjen van der Velde,2784,80.92,84.25,-3.33,4127,153
5193,Thibault Tricole,10,2026-07-08,European Tour Card Holder Qualifier,Q,Semi Final,Lost,2 V 6,Callan Rydz,35,79.85,85.59,-5.74,3620,136
153,Ricardo Pietreczko,1,2026-09-23,Players Championship,PT,Last 128,Lost,0 V 6,Stephen Rosney,3057,74.22,92.97,-18.75,2375,96
153,Ricardo Pietreczko,2,2026-09-22,Players Championship,PT,Last 32,Lost,3 V 6,Jermaine Wattimena,18,93.74,106.74,-13.0,3687,118
153,Ricardo Pietreczko,3,2026-09-22,Players Championship,PT,Last 64,Won,6 V 5,Lewis Pride,2280,95.22,95.47,-0.25,5142,162
153,Ricardo Pietreczko,4,2026-09-22,Players Championship,PT,Last 128,Won,6 V 5,Mickey Mansell,65,91.22,90.16,1.06,5078,167
153,Ricardo Pietreczko,5,2026-08-26,Players Championship,PT,Last 32,Lost,4 V 6,Karel Sedláček,44,100.51,101.32,-0.81,4590,137
153,Ricardo Pietreczko,6,2026-08-26,Players Championship,PT,Last 64,Won,6 V 3,Nathan Aspinall,8,95.46,99.62,-4.16,4041,127
153,Ricardo Pietreczko,7,2026-08-26,Players Championship,PT,Last 128,Won,6 V 5,Marvin van Velzen,2895,91.12,88.22,2.9,5224,172
153,Ricardo Pietreczko,8,2026-08-25,Players Championship,PT,Last 64,Lost,3 V 6,Cameron Menzies,2221,91.54,105.17,-13.63,3692,121
153,Ricardo Pietreczko,9,2026-08-25,Players Championship,PT,Last 128,Won,6 V 3,Tytus Kanik,2167,91.77,84.83,6.94,4313,141
153,Ricardo Pietreczko,10,2026-08-24,World Series Finals Tour Card Qualifier,Q,Last 16,Lost,3 V 6,Raymond van Barneveld,1982,86.44,92.39,-5.95,3832,133
134,Adam Gawlas,1,2026-09-23,Players Championship,PT,Last 32,Lost,2 V 6,Jermaine Wattimena,18,90.21,101.92,-11.71,3428,114
134,Adam Gawlas,2,2026-09-23,Players Championship,PT,Last 64,Won,6 V 4,Gabriel Clemens,38,87.85,89.31,-1.46,4539,155
134,Adam Gawlas,3,2026-09-23,Players Championship,PT,Last 128,Won,6 V 4,Niall Culleton,2034,85.96,88.05,-2.09,4556,159
134,Adam Gawlas,4,2026-09-22,Players Championship,PT,Last 32,Lost,1 V 6,Cristo Reyes,63,77.94,94.35,-16.41,2780,107
134,Adam Gawlas,5,2026-09-22,Players Championship,PT,Last 64,Won,6 V 5,Dirk van Duijvenbode,14,91.13,93.84,-2.71,5164,170
134,Adam Gawlas,6,2026-09-22,Players Championship,PT,Last 128,Won,6 V 4,James Hurrell,5190,94.12,91.82,2.3,4612,147
134,Adam Gawlas,7,2026-09-04,European Tour,ET,Last 48 (Premier),Lost,2 V 6,Krzysztof Ratajski,12,88.24,92.74,-4.5,3559,121
134,Adam Gawlas,8,2026-09-03,European Tour Home Nation Qualifier,Q,Final,Won,6 V 2,David Pisek,5291,82.78,75.45,7.33,3725,135
134,Adam Gawlas,9,2026-09-03,European Tour Home Nation Qualifier,Q,Semi Final,Won,6 V 4,Dominik Moravcik,32678,80.29,76.25,4.04,4871,182
134,Adam Gawlas,10,2026-09-03,European Tour Home Nation Qualifier,Q,Quarter Final,Won,6 V 0,Martin Chvojka,50705,89.29,67.97,21.32,3006,101
25,Dimitri Van den Bergh,1,2026-09-22,Players Championship,PT,Last 128,Lost,0 V 6,Kai Gotthardt,158,75.56,86.71,-11.15,2418,96
25,Dimitri Van den Bergh,2,2026-09-10,European Tour Home Nation Qualifier,Q,Quarter Final,Lost,2 V 6,Andy Baetens,5146,81.68,95.1,-13.42,3349,123
25,Dimitri Van den Bergh,3,2026-09-10,European Tour Home Nation Qualifier,Q,Last 16,Won,6 V 0,Matthias Debaus,31337,86.71,65.45,21.26,3006,104
25,Dimitri Van den Bergh,4,2026-09-10,European Tour Home Nation Qualifier,Q,Last 32,Won,6 V 2,Brian Verhelst,24957,80.68,77.37,3.31,3819,142
25,Dimitri Van den Bergh,5,2026-06-17,Players Championship,PT,Last 128,Lost,0 V 6,Jonny Clayton,20,74.25,92.02,-17.77,2376,96
25,Dimitri Van den Bergh,6,2026-06-16,Players Championship,PT,Last 128,Lost,1 V 6,Darius Labanauskas,57,75.46,82.1,-6.64,2968,118
25,Dimitri Van den Bergh,7,2026-06-03,Players Championship,PT,Last 128,Lost,4 V 6,Wesley Plaisier,2273,87.68,94.78,-7.1,4384,150
25,Dimitri Van den Bergh,8,2026-06-02,Players Championship,PT,Last 128,Lost,0 V 6,Krzysztof Ratajski,12,87.79,96.97,-9.18,2546,87
25,Dimitri Van den Bergh,9,2026-05-30,European Tour,ET,Last 32,Lost,5 V 6,Gian van Veen,2641,90.37,96.75,-6.38,5151,171
25,Dimitri Van den Bergh,10,2026-05-29,European Tour,ET,Last 48 (Premier),Won,6 V 2,Alan Soutar,5138,85.76,80.89,4.87,3859,135
271,Rhys Griffin,1,2026-09-23,Players Championship,PT,Last 128,Lost,2 V 6,Kevin Doets,2052,77.96,82.37,-4.41,3612,139
271,Rhys Griffin,2,2026-09-22,Players Championship,PT,Last 64,Lost,1 V 6,Beau Greaves,138,92.58,101.23,-8.65,3055,99
271,Rhys Griffin,3,2026-09-22,Players Championship,PT,Last 128,Won,6 V 5,Levy Frauenfelder,2834,89.95,86.56,3.39,5067,169
271,Rhys Griffin,4,2026-08-26,Players Championship,PT,Last 128,Lost,4 V 6,Lewis Pride,2280,81.4,86.91,-5.51,4477,165
271,Rhys Griffin,5,2026-08-25,Players Championship,PT,Last 128,Lost,1 V 6,Callan Rydz,35,86.97,96.12,-9.15,2870,99
271,Rhys Griffin,6,2026-07-30,European Tour Card Holder Qualifier,Q,Quarter Final,Lost,5 V 6,Greg Ritchie,2295,83.72,85.82,-2.1,5023,180
271,Rhys Griffin,7,2026-07-30,European Tour Card Holder Qualifier,Q,Semi Final,Lost,3 V 6,Darryl Pilgrim,5185,88.29,91.98,-3.69,4091,139
271,Rhys Griffin,8,2026-07-30,European Tour Card Holder Qualifier,Q,Quarter Final,Won,6 V 5,Peter Wright,1,79.93,79.57,0.36,5302,199
271,Rhys Griffin,9,2026-07-29,Players Championship,PT,Last 128,Lost,4 V 6,Yorick Hofkens,25319,84.67,86.43,-1.76,4572,162
271,Rhys Griffin,10,2026-07-28,Players Championship,PT,Last 64,Lost,5 V 6,Benjamin Pratnemer,2278,93.46,93.65,-0.19,5078,163
24689,Sietse Lap,1,2026-09-23,Players Championship,PT,Last 128,Lost,2 V 6,Niels Zonneveld,55,95.33,106.47,-11.14,3432,108
24689,Sietse Lap,2,2026-09-22,Players Championship,PT,Last 128,Lost,3 V 6,Lukas Wenig,148,86.19,89.13,-2.94,3936,137
24689,Sietse Lap,3,2026-08-26,Players Championship,PT,Last 32,Lost,2 V 6,Luke Woodhouse,70,80.78,91.64,-10.86,3258,121
24689,Sietse Lap,4,2026-08-26,Players Championship,PT,Last 64,Won,6 V 5,Maik Kuivenhoven,91,96.67,93.89,2.78,5059,157
24689,Sietse Lap,5,2026-08-26,Players Championship,PT,Last 128,Won,6 V 5,Ricky Evans,45,91.04,92.61,-1.57,5068,167
24689,Sietse Lap,6,2026-08-25,Players Championship,PT,Last 128,Lost,2 V 6,Cameron Menzies,2221,92.05,101.25,-9.2,3590,117
24689,Sietse Lap,7,2026-08-24,World Series Finals Tour Card Qualifier,Q,Last 32,Lost,2 V 6,Tom Sykes,50760,70.37,80.84,-10.47,3448,147
24689,Sietse Lap,8,2026-07-30,European Tour Card Holder Qualifier,Q,Semi Final,Lost,3 V 6,Mickey Mansell,65,93.2,98.88,-5.68,3821,123
24689,Sietse Lap,9,2026-07-30,European Tour Card Holder Qualifier,Q,Quarter Final,Won,6 V 0,Nick Kenny,84,85.08,69.65,15.43,3006,106
24689,Sietse Lap,10,2026-07-30,European Tour Card Holder Qualifier,Q,Final,Won,6 V 1,Max Hopp,59,89.72,80.97,8.75,3499,117
27176,Tyler Thorpe,1,2026-09-23,Players Championship,PT,Last 64,Lost,2 V 6,Raymond van Barneveld,1982,87.14,91.98,-4.84,3776,130
27176,Tyler Thorpe,2,2026-09-23,Players Championship,PT,Last 128,Won,6 V 4,Daryl Gurney,24,85.2,85.52,-0.32,4686,165
27176,Tyler Thorpe,3,2026-09-22,Players Championship,PT,Last 128,Lost,4 V 6,Connor Scutt,2317,84.79,93.02,-8.23,4183,148
27176,Tyler Thorpe,4,2026-08-26,Players Championship,PT,Last 128,Lost,3 V 6,Tom Bissell,46158,80.35,94.63,-14.28,3803,142
27176,Tyler Thorpe,5,2026-08-25,Players Championship,PT,Last 128,Lost,4 V 6,Dirk van Duijvenbode,14,100.06,94.67,5.39,4736,142
27176,Tyler Thorpe,6,2026-08-24,World Series Finals Tour Card Qualifier,Q,Last 16,Lost,0 V 6,Niko Springer,196,99.26,102.48,-3.22,2680,81
27176,Tyler Thorpe,7,2026-08-02,Development Tour,0,Last 32,Lost,3 V 4,Kimi Seemann,23335,74.41,77.07,-2.66,3299,133
27176,Tyler Thorpe,8,2026-08-02,Development Tour,0,Last 64,Won,4 V 1,Luuk De Waal,51088,84.44,78.25,6.19,2477,88
27176,Tyler Thorpe,9,2026-08-02,Development Tour,0,Last 128,Won,4 V 1,Liam Maendl-Lawrance,24708,77.29,66.42,10.87,2499,97
27176,Tyler Thorpe,10,2026-08-02,Development Tour,0,Last 256,Won,4 V 3,Finn Chudziak,22438,74.64,72.04,2.6,3284,132
9975,Arno Merk,1,2026-09-23,Players Championship,PT,Last 64,Lost,1 V 6,Chris Dobey,39,79.0,92.78,-13.78,2686,102
9975,Arno Merk,2,2026-09-23,Players Championship,PT,Last 128,Won,6 V 5,Christian Kist,2171,78.98,91.48,-12.5,4528,172
9975,Arno Merk,3,2026-09-22,Players Championship,PT,Last 128,Lost,2 V 6,Jim Long,5147,82.2,90.05,-7.85,3507,128
9975,Arno Merk,4,2026-08-26,Players Championship,PT,Last 64,Lost,3 V 6,Michael van Gerwen,3,81.4,100.29,-18.89,3690,136
9975,Arno Merk,5,2026-08-26,Players Championship,PT,Last 128,Won,6 V 3,Stefan Bellmont,1989,79.85,75.05,4.8,4365,164
9975,Arno Merk,6,2026-08-25,Players Championship,PT,Last 64,Lost,3 V 6,Luke Littler,5403,91.62,105.12,-13.5,3848,126
9975,Arno Merk,7,2026-08-25,Players Championship,PT,Last 128,Won,6 V 1,Scott Williams,5137,86.6,82.6,4.0,3435,119
9975,Arno Merk,8,2026-08-24,World Series Finals Tour Card Qualifier,Q,Last 32,Lost,4 V 6,Gabriel Clemens,38,86.06,93.89,-7.83,4418,154
9975,Arno Merk,9,2026-07-30,European Tour Card Holder Qualifier,Q,Quarter Final,Lost,3 V 6,Keane Barry,129,92.3,99.71,-7.41,3815,124
9975,Arno Merk,10,2026-07-30,European Tour Card Holder Qualifier,Q,Quarter Final,Lost,3 V 6,Raymond van Barneveld,1982,84.86,92.05,-7.19,3960,140
84,Nick Kenny,1,2026-09-23,Players Championship,PT,Last 128,Lost,4 V 6,Thomas Lovely,2199,96.5,93.12,3.38,4793,149
84,Nick Kenny,2,2026-09-22,Players Championship,PT,Last 128,Lost,2 V 6,Cameron Menzies,2221,87.32,101.34,-14.02,3231,111
84,Nick Kenny,3,2026-08-26,Players Championship,PT,Last 64,Lost,1 V 6,Sebastian Bialecki,3038,89.45,95.21,-5.76,3071,103
84,Nick Kenny,4,2026-08-26,Players Championship,PT,Last 128,Won,6 V 2,Tytus Kanik,2167,89.73,79.51,10.22,3918,131
84,Nick Kenny,5,2026-08-25,Players Championship,PT,Last 32,Lost,4 V 6,Carl Sneyd,23238,85.59,87.83,-2.24,4508,158
84,Nick Kenny,6,2026-08-25,Players Championship,PT,Last 64,Won,6 V 4,Raymond van Barneveld,1982,84.22,86.78,-2.56,4660,166
84,Nick Kenny,7,2026-08-25,Players Championship,PT,Last 128,Won,6 V 5,Michael van Gerwen,3,84.76,88.78,-4.02,5029,178
84,Nick Kenny,8,2026-08-24,World Series Finals Tour Card Qualifier,Q,Last 32,Lost,1 V 6,Ricky Evans,45,82.29,84.47,-2.18,3127,114
84,Nick Kenny,9,2026-07-30,European Tour Card Holder Qualifier,Q,Quarter Final,Lost,0 V 6,Sietse Lap,24689,69.65,85.08,-15.43,2368,102
84,Nick Kenny,10,2026-07-30,European Tour Card Holder Qualifier,Q,Final,Lost,3 V 6,Mario Vandenbogaerde,2363,80.86,87.91,-7.05,3989,148
24822,Pascal Rupprecht,1,2026-07-30,European Tour Card Holder Qualifier,Q,Quarter Final,Lost,2 V 6,Peter Wright,1,72.46,80.82,-8.36,3478,144
24822,Pascal Rupprecht,2,2026-07-30,European Tour Card Holder Qualifier,Q,Quarter Final,Lost,1 V 6,Oskar Lukasiak,5178,86.13,93.59,-7.46,2986,104
24822,Pascal Rupprecht,3,2026-07-29,Players Championship,PT,Last 128,Lost,4 V 6,Mensur Suljović,9,92.71,97.64,-4.93,4419,143
24822,Pascal Rupprecht,4,2026-07-28,Players Championship,PT,Last 64,Lost,2 V 6,Alexander Merkx,2223,82.31,92.01,-9.7,3320,121
24822,Pascal Rupprecht,5,2026-07-28,Players Championship,PT,Last 128,Won,6 V 3,Mike De Decker,66,87.55,88.17,-0.62,4115,141
24822,Pascal Rupprecht,6,2026-06-17,Players Championship,PT,Last 128,Lost,2 V 6,Stephen Burton,2014,84.12,90.3,-6.18,3505,125
24822,Pascal Rupprecht,7,2026-06-16,Players Championship,PT,Last 128,Lost,1 V 6,Viktor Tingstrom,3094,89.02,96.17,-7.15,2997,101
24822,Pascal Rupprecht,8,2026-05-20,European Tour Card Holder Qualifier,Q,Semi Final,Lost,5 V 6,Madars Razma,42,86.64,84.91,1.73,5314,184
24822,Pascal Rupprecht,9,2026-05-20,European Tour Card Holder Qualifier,Q,Quarter Final,Won,6 V 3,Tytus Kanik,2167,88.36,84.39,3.97,4359,148
24822,Pascal Rupprecht,10,2026-05-19,Players Championship,PT,Last 128,Lost,1 V 6,Tommy Lishman,3086,86.73,88.98,-2.25,3209,111
2784,Jurjen van der Velde,1,2026-09-23,Players Championship,PT,Last 64,Lost,2 V 6,Tom Sykes,50760,90.15,94.67,-4.52,3516,117
2784,Jurjen van der Velde,2,2026-09-23,Players Championship,PT,Last 128,Won,6 V 4,Cor Dekker,2046,90.71,89.26,1.45,4747,157
2784,Jurjen van der Velde,3,2026-09-22,Players Championship,PT,Last 128,Lost,2 V 6,Dave Chisnall,21,75.97,81.74,-5.77,3520,139
2784,Jurjen van der Velde,4,2026-08-26,Players Championship,PT,Last 64,Lost,1 V 6,Cameron Menzies,2221,85.63,99.74,-14.11,2997,105
2784,Jurjen van der Velde,5,2026-08-26,Players Championship,PT,Last 128,Won,6 V 5,Harry Ward,103,80.28,78.06,2.22,5352,200
2784,Jurjen van der Velde,6,2026-08-25,Players Championship,PT,Last 64,Lost,0 V 6,William O&#039;Connor,30,78.24,86.71,-8.47,2660,102
2784,Jurjen van der Velde,7,2026-08-25,Players Championship,PT,Last 128,Won,6 V 4,Nathan Potter,2931,89.3,91.73,-2.43,4584,154
2784,Jurjen van der Velde,8,2026-08-24,World Series Finals Tour Card Qualifier,Q,Last 16,Lost,3 V 6,Andrew Gilding,2088,81.35,94.49,-13.14,3905,144
2784,Jurjen van der Velde,9,2026-08-02,Development Tour,0,Last 128,Lost,3 V 4,Harrison Leigh,21041,73.37,80.34,-6.97,3057,125
2784,Jurjen van der Velde,10,2026-08-02,Development Tour,0,Last 256,Won,4 V 0,Ethan Bynorth,52583,83.5,59.17,24.33,2004,72
5147,Jim Long,1,2026-09-23,Players Championship,PT,Last 128,Lost,4 V 6,Jermaine Wattimena,18,94.34,98.07,-3.73,4497,143
5147,Jim Long,2,2026-09-22,Players Championship,PT,Last 64,Lost,5 V 6,Cameron Menzies,2221,83.91,88.98,-5.07,4867,174
5147,Jim Long,3,2026-09-22,Players Championship,PT,Last 128,Won,6 V 2,Arno Merk,9975,90.05,82.2,7.85,3902,130
5147,Jim Long,4,2026-09-19,World Series of Darts Finals,MJ,Last 16,Lost,5 V 10,Gerwyn Price,2,88.73,97.91,-9.18,6300,213
5147,Jim Long,5,2026-09-18,World Series of Darts Finals,MJ,Last 32,Won,6 V 5,Adam Leek,20494,94.52,91.02,3.5,5167,164
5147,Jim Long,6,2026-09-12,European Tour,ET,Last 32,Lost,2 V 6,James Wade,7,96.71,96.77,-0.06,3804,118
5147,Jim Long,7,2026-09-11,European Tour,ET,Last 48 (Premier),Won,6 V 2,Raymond van Barneveld,1982,85.7,82.04,3.66,3885,136
5147,Jim Long,8,2026-08-30,CDC Pro Tour,0,Last 16,Lost,1 V 3,Kevin Luke,5657,84.02,86.78,-2.76,4957,177
5147,Jim Long,9,2026-08-30,CDC Pro Tour,0,Last 32,Won,3 V 0,James Stathopoulos,5709,89.29,79.25,10.04,3006,101
5147,Jim Long,10,2026-08-30,CDC Pro Tour,0,Last 64,Won,3 V 0,Glen Richard,23634,86.71,70.79,15.92,3006,104
20667,Adam Warner,1,2026-09-23,Players Championship,PT,Last 128,Lost,4 V 6,Danny Noppert,22,87.81,98.58,-10.77,4361,149
20667,Adam Warner,2,2026-09-22,Players Championship,PT,Last 128,Lost,5 V 6,Gilbert van der Meijden,14023,90.98,84.24,6.74,5307,175
20667,Adam Warner,3,2026-08-26,Players Championship,PT,Last 64,Lost,4 V 6,Wessel Nijman,130,85.93,90.24,-4.31,4640,162
20667,Adam Warner,4,2026-08-26,Players Championship,PT,Last 128,Won,6 V 3,Callan Rydz,35,88.63,95.3,-6.67,4018,136
20667,Adam Warner,5,2026-08-25,Players Championship,PT,Last 128,Lost,3 V 6,Martin Lukeman,2201,86.87,80.22,6.65,4112,142
20667,Adam Warner,6,2026-07-30,European Tour Card Holder Qualifier,Q,Quarter Final,Lost,4 V 6,Jurjen van der Velde,2784,77.63,88.79,-11.16,4244,164
20667,Adam Warner,7,2026-07-30,European Tour Card Holder Qualifier,Q,Quarter Final,Lost,1 V 6,Cam Crabtree,33021,76.38,91.03,-14.65,2979,117
20667,Adam Warner,8,2026-07-29,Players Championship,PT,Last 128,Lost,3 V 6,Niels Zonneveld,55,78.69,90.78,-12.09,3672,140
20667,Adam Warner,9,2026-07-28,Players Championship,PT,Last 128,Lost,0 V 6,Michael van Gerwen,3,70.18,77.74,-7.56,2667,114
20667,Adam Warner,10,2026-07-08,European Tour Card Holder Qualifier,Q,Quarter Final,Lost,5 V 6,Adam Lipscombe,14385,82.61,85.52,-2.91,5122,186
1989,Stefan Bellmont,1,2026-09-23,Players Championship,PT,Last 64,Lost,4 V 6,Cam Crabtree,33021,95.77,96.12,-0.35,4661,146
1989,Stefan Bellmont,2,2026-09-23,Players Championship,PT,Last 128,Won,6 V 3,Thibault Tricole,5193,92.79,93.19,-0.4,4052,131
1989,Stefan Bellmont,3,2026-09-22,Players Championship,PT,Last 64,Lost,5 V 6,Kim Huybrechts,51,84.13,92.69,-8.56,4711,168
1989,Stefan Bellmont,4,2026-09-22,Players Championship,PT,Last 128,Won,6 V 3,Leon Weber,32046,88.19,81.0,7.19,4380,149
1989,Stefan Bellmont,5,2026-08-26,Players Championship,PT,Last 128,Lost,3 V 6,Arno Merk,9975,75.05,79.85,-4.8,4153,166
1989,Stefan Bellmont,6,2026-08-25,Players Championship,PT,Last 64,Lost,1 V 6,Chris Dobey,39,82.31,93.4,-11.09,2963,108
1989,Stefan Bellmont,7,2026-08-25,Players Championship,PT,Last 128,Won,6 V 3,Steve Lennon,46,91.29,90.92,0.37,4260,140
1989,Stefan Bellmont,8,2026-08-24,World Series Finals Tour Card Qualifier,Q,Last 16,Lost,3 V 6,Callan Rydz,35,85.57,90.94,-5.37,4136,145
1989,Stefan Bellmont,9,2026-08-24,World Series Finals Tour Card Qualifier,Q,Last 32,Won,6 V 1,Sam Price,22829,84.6,81.28,3.32,3497,124
1989,Stefan Bellmont,10,2026-07-30,European Tour Card Holder Qualifier,Q,Last 16,Lost,4 V 6,Bradley Brooks,74,82.18,90.92,-8.74,4246,155
5172,Jeffrey Sparidaans,1,2026-09-23,Players Championship,PT,Last 128,Lost,4 V 6,Tom Bissell,46158,88.32,97.52,-9.2,4357,148
5172,Jeffrey Sparidaans,2,2026-09-22,Players Championship,PT,Last 128,Lost,0 V 6,Kevin Doets,2052,86.28,99.1,-12.82,2502,87
5172,Jeffrey Sparidaans,3,2026-08-26,Players Championship,PT,Last 128,Lost,4 V 6,Ryan Joyce,28,88.17,91.07,-2.9,4673,159
5172,Jeffrey Sparidaans,4,2026-08-25,Players Championship,PT,Last 32,Lost,3 V 6,Kim Huybrechts,51,81.02,92.51,-11.49,3862,143
5172,Jeffrey Sparidaans,5,2026-08-25,Players Championship,PT,Last 64,Won,6 V 1,David Sharp,6682,91.63,86.13,5.5,3482,114
5172,Jeffrey Sparidaans,6,2026-08-25,Players Championship,PT,Last 128,Won,6 V 5,Danny Noppert,22,90.11,93.75,-3.64,4986,166
5172,Jeffrey Sparidaans,7,2026-08-24,World Series Finals Tour Card Qualifier,Q,Last 16,Lost,5 V 6,Daryl Gurney,24,85.29,90.84,-5.55,4947,174
5172,Jeffrey Sparidaans,8,2026-07-30,European Tour Card Holder Qualifier,Q,Last 16,Lost,3 V 6,Cam Crabtree,33021,76.67,82.8,-6.13,3987,156
5172,Jeffrey Sparidaans,9,2026-07-30,European Tour Card Holder Qualifier,Q,Semi Final,Lost,1 V 6,David Sharp,6682,71.73,101.5,-29.77,2415,101
5172,Jeffrey Sparidaans,10,2026-07-30,European Tour Card Holder Qualifier,Q,Quarter Final,Won,6 V 3,Pero Ljubić,2192,77.3,77.11,0.19,4226,164
5178,Oskar Lukasiak,1,2026-09-23,Players Championship,PT,Last 64,Lost,3 V 6,Jeffrey de Zwaan,48,89.3,88.5,0.8,3959,133
5178,Oskar Lukasiak,2,2026-09-23,Players Championship,PT,Last 128,Won,6 V 5,William O&#039;Connor,30,93.36,92.3,1.06,5228,168
5178,Oskar Lukasiak,3,2026-09-22,Players Championship,PT,Quarter Final,Lost,3 V 6,William O&#039;Connor,30,85.08,89.92,-4.84,4169,147
5178,Oskar Lukasiak,4,2026-09-22,Players Championship,PT,Last 16,Won,6 V 4,Dave Chisnall,21,90.32,86.9,3.42,4576,152
5178,Oskar Lukasiak,5,2026-09-22,Players Championship,PT,Last 32,Won,6 V 0,Max Hopp,59,83.5,76.62,6.88,3006,108
5178,Oskar Lukasiak,6,2026-09-22,Players Championship,PT,Last 64,Won,6 V 2,Ritchie Edhouse,2062,91.06,88.74,2.32,3764,124
5178,Oskar Lukasiak,7,2026-09-22,Players Championship,PT,Last 128,Won,6 V 4,Charlie Manby,5636,90.79,86.7,4.09,4691,155
5178,Oskar Lukasiak,8,2026-08-26,Players Championship,PT,Last 128,Lost,2 V 6,Nathan Aspinall,8,87.13,96.0,-8.87,3485,120
5178,Oskar Lukasiak,9,2026-08-25,Players Championship,PT,Last 64,Lost,2 V 6,Luke Woodhouse,70,91.14,97.15,-6.01,3524,116
5178,Oskar Lukasiak,10,2026-08-25,Players Championship,PT,Last 128,Won,6 V 2,Jim Long,5147,94.01,88.51,5.5,3917,125
2295,Greg Ritchie,1,2026-09-23,Players Championship,PT,Last 128,Lost,4 V 6,Richard Veenstra,5145,90.34,87.04,3.3,4818,160
2295,Greg Ritchie,2,2026-09-22,Players Championship,PT,Last 64,Lost,4 V 6,William O&#039;Connor,30,88.93,97.47,-8.54,4387,148
2295,Greg Ritchie,3,2026-09-22,Players Championship,PT,Last 128,Won,6 V 5,Florian Preis,35248,79.26,78.85,0.41,5231,198
2295,Greg Ritchie,4,2026-08-26,Players Championship,PT,Last 16,Lost,2 V 6,Krzysztof Ratajski,12,89.4,91.78,-2.38,3427,115
2295,Greg Ritchie,5,2026-08-26,Players Championship,PT,Last 32,Won,6 V 3,Charlie Manby,5636,92.43,89.08,3.35,4375,142
2295,Greg Ritchie,6,2026-08-26,Players Championship,PT,Last 64,Won,6 V 5,Raymond van Barneveld,1982,87.53,85.57,1.96,5077,174
2295,Greg Ritchie,7,2026-08-26,Players Championship,PT,Last 128,Won,6 V 4,Filip Bereza,46130,89.58,85.01,4.57,4718,158
2295,Greg Ritchie,8,2026-08-25,Players Championship,PT,Last 64,Lost,1 V 6,Keane Barry,129,83.06,99.95,-16.89,2741,99
2295,Greg Ritchie,9,2026-08-25,Players Championship,PT,Last 128,Won,6 V 3,Jeffrey de Graaf,2092,97.11,92.7,4.41,4208,130
2295,Greg Ritchie,10,2026-08-24,World Series Finals Tour Card Qualifier,Q,Last 16,Lost,0 V 6,Krzysztof Ratajski,12,73.94,90.18,-16.24,2366,96
254,Dominik Gruellich,1,2026-09-23,Players Championship,PT,Last 128,Lost,2 V 6,Damon Heta,13,97.59,99.36,-1.77,3611,111
254,Dominik Gruellich,2,2026-09-22,Players Championship,PT,Last 128,Lost,3 V 6,Scott Williams,5137,80.48,92.69,-12.21,3890,145
254,Dominik Gruellich,3,2026-08-26,Players Championship,PT,Last 128,Lost,3 V 6,Benjamin Pratnemer,2278,92.9,101.63,-8.73,3902,126
254,Dominik Gruellich,4,2026-08-25,Players Championship,PT,Last 128,Lost,5 V 6,Raymond van Barneveld,1982,82.07,89.77,-7.7,4842,177
254,Dominik Gruellich,5,2026-08-24,World Series Finals Tour Card Qualifier,Q,Quarter Final,Lost,3 V 6,Daryl Gurney,24,84.98,92.7,-7.72,3824,135
254,Dominik Gruellich,6,2026-08-24,World Series Finals Tour Card Qualifier,Q,Last 16,Won,6 V 5,Stefaan Henderyck,20186,91.02,88.41,2.61,5279,174
254,Dominik Gruellich,7,2026-08-24,World Series Finals Tour Card Qualifier,Q,Last 32,Won,6 V 1,Adam Paxton,2417,93.95,84.47,9.48,3445,110
254,Dominik Gruellich,8,2026-08-02,Development Tour,0,Last 16,Lost,3 V 4,Dylan Slevin,20117,82.42,87.42,-5.0,3077,112
254,Dominik Gruellich,9,2026-08-02,Development Tour,0,Last 32,Won,4 V 0,Harrison Leigh,21041,95.43,77.43,18.0,2004,63
254,Dominik Gruellich,10,2026-08-02,Development Tour,0,Last 64,Won,4 V 0,Kilian Hohnstedt,28603,83.5,75.26,8.24,2004,72
2034,Niall Culleton,1,2026-09-23,Players Championship,PT,Last 128,Lost,4 V 6,Adam Gawlas,134,88.05,85.96,2.09,4549,155
2034,Niall Culleton,2,2026-09-22,Players Championship,PT,Last 128,Lost,2 V 6,Cor Dekker,2046,87.23,84.84,2.39,3867,133
2034,Niall Culleton,3,2026-08-26,Players Championship,PT,Last 128,Lost,2 V 6,Tom Sykes,50760,89.85,96.79,-6.94,3624,121
2034,Niall Culleton,4,2026-08-25,Players Championship,PT,Last 128,Lost,2 V 6,Niels Zonneveld,55,85.8,95.8,-10.0,3518,123
2034,Niall Culleton,5,2026-08-24,World Series Finals Tour Card Qualifier,Q,Last 32,Lost,2 V 6,Darryl Pilgrim,5185,82.42,100.4,-17.98,3132,114
2034,Niall Culleton,6,2026-07-30,European Tour Card Holder Qualifier,Q,Quarter Final,Lost,5 V 6,Cor Dekker,2046,82.26,87.46,-5.2,5018,183
2034,Niall Culleton,7,2026-07-30,European Tour Card Holder Qualifier,Q,Last 16,Lost,5 V 6,Rusty-Jake Rodriguez,131,78.58,77.66,0.92,5108,195
2034,Niall Culleton,8,2026-07-29,Players Championship,PT,Last 128,Lost,2 V 6,Gabriel Clemens,38,79.66,91.84,-12.18,3266,123
2034,Niall Culleton,9,2026-07-28,Players Championship,PT,Last 64,Lost,3 V 6,Richard Veenstra,5145,83.73,89.24,-5.51,3991,143
2034,Niall Culleton,10,2026-07-28,Players Championship,PT,Last 128,Won,6 V 1,Matthias Ehlers,15426,85.83,81.16,4.67,3433,120
23238,Carl Sneyd,1,2026-09-23,Players Championship,PT,Last 128,Lost,5 V 6,Dave Chisnall,21,95.8,93.09,2.71,5237,164
23238,Carl Sneyd,2,2026-09-22,Players Championship,PT,Last 128,Lost,4 V 6,Karel Sedláček,44,99.61,100.14,-0.53,4715,142
23238,Carl Sneyd,3,2026-08-26,Players Championship,PT,Last 128,Lost,5 V 6,Sebastian Bialecki,3038,95.56,93.44,2.12,5033,158
23238,Carl Sneyd,4,2026-08-25,Players Championship,PT,Last 16,Lost,4 V 6,Jermaine Wattimena,18,95.19,102.27,-7.08,4347,137
23238,Carl Sneyd,5,2026-08-25,Players Championship,PT,Last 32,Won,6 V 4,Nick Kenny,84,87.83,85.59,2.24,4655,159
23238,Carl Sneyd,6,2026-08-25,Players Championship,PT,Last 64,Won,6 V 4,Alexander Merkx,2223,91.38,87.26,4.12,4752,156
23238,Carl Sneyd,7,2026-08-25,Players Championship,PT,Last 128,Won,6 V 5,Andrew Gilding,2088,81.9,80.84,1.06,5296,194
23238,Carl Sneyd,8,2026-08-24,World Series Finals Tour Card Qualifier,Q,Last 16,Lost,0 V 6,Rob Cross,29,83.1,98.02,-14.92,2410,87
23238,Carl Sneyd,9,2026-07-30,European Tour Card Holder Qualifier,Q,Quarter Final,Lost,2 V 6,Karel Sedláček,44,83.34,90.55,-7.21,3278,118
23238,Carl Sneyd,10,2026-07-30,European Tour Card Holder Qualifier,Q,Quarter Final,Lost,2 V 6,Darryl Pilgrim,5185,85.5,95.56,-10.06,3420,120
32046,Leon Weber,1,2026-09-23,Players Championship,PT,Last 64,Lost,1 V 6,Luke Woodhouse,70,74.06,95.32,-21.26,2666,108
32046,Leon Weber,2,2026-09-23,Players Championship,PT,Last 128,Won,6 V 3,Dennie Olde Kalter,5162,78.1,81.91,-3.81,4061,156
32046,Leon Weber,3,2026-09-22,Players Championship,PT,Last 128,Lost,3 V 6,Stefan Bellmont,1989,81.0,88.19,-7.19,3834,142
32046,Leon Weber,4,2026-08-29,MyDartCoach Championship,0,Last 128,Lost,1 V 4,Leon Remde,6338,81.0,84.32,-3.32,2214,82
32046,Leon Weber,5,2026-08-26,Players Championship,PT,Last 128,Lost,0 V 6,Danny Noppert,22,81.34,100.2,-18.86,2359,87
32046,Leon Weber,6,2026-08-25,Players Championship,PT,Last 128,Lost,4 V 6,Wesley Plaisier,2273,80.92,87.47,-6.55,4289,159
32046,Leon Weber,7,2026-08-24,World Series Finals Tour Card Qualifier,Q,Last 16,Lost,3 V 6,Michael Smith,5,67.42,84.0,-16.58,3416,152
32046,Leon Weber,8,2026-08-02,Development Tour,0,Last 128,Lost,0 V 4,Nathan Potter,2931,83.95,89.73,-5.78,1763,63
32046,Leon Weber,9,2026-08-02,Development Tour,0,Last 256,Won,4 V 0,Luca Green,52630,85.89,63.65,22.24,2004,70
32046,Leon Weber,10,2026-08-01,Development Tour,0,Last 32,Lost,2 V 4,Lleyton Molyneux,22226,87.71,85.57,2.14,2836,97
25319,Yorick Hofkens,1,2026-08-26,Players Championship,PT,Last 128,Lost,4 V 6,Brendan Dolan,23,81.06,88.2,-7.14,4377,162
25319,Yorick Hofkens,2,2026-08-25,Players Championship,PT,Last 128,Lost,2 V 6,Kevin Doets,2052,81.69,89.23,-7.54,3458,127
25319,Yorick Hofkens,3,2026-08-24,World Series Finals Tour Card Qualifier,Q,Last 16,Lost,0 V 6,Ricky Evans,45,83.09,89.29,-6.2,2659,96
25319,Yorick Hofkens,4,2026-08-24,World Series Finals Tour Card Qualifier,Q,Last 32,Won,6 V 5,Kai Gotthardt,158,81.74,92.05,-10.31,4986,183
25319,Yorick Hofkens,5,2026-08-02,Development Tour,0,Last 16,Lost,2 V 4,Lenny Schlueter,37250,89.72,86.68,3.04,2841,95
25319,Yorick Hofkens,6,2026-08-02,Development Tour,0,Last 32,Won,4 V 0,Damian Vetjens,18678,98.56,84.26,14.3,2004,61
25319,Yorick Hofkens,7,2026-08-02,Development Tour,0,Last 64,Won,4 V 1,Cole Davey,6200,83.56,72.17,11.39,2451,88
25319,Yorick Hofkens,8,2026-08-02,Development Tour,0,Last 128,Won,4 V 2,Joseph Simpson,50326,75.48,77.5,-2.02,2843,113
25319,Yorick Hofkens,9,2026-08-02,Development Tour,0,Last 256,Won,4 V 0,Jack Lilley,49323,76.1,68.81,7.29,2004,79
25319,Yorick Hofkens,10,2026-08-01,Development Tour,0,Last 64,Lost,2 V 4,Sam Jackson,21732,89.81,89.88,-0.07,2814,94
3094,Viktor Tingstrom,1,2026-09-23,Players Championship,PT,Last 128,Lost,1 V 6,Dirk van Duijvenbode,14,74.39,83.78,-9.39,2951,119
3094,Viktor Tingstrom,2,2026-09-22,Players Championship,PT,Last 64,Lost,3 V 6,Wessel Nijman,130,100.02,106.3,-6.28,3934,118
3094,Viktor Tingstrom,3,2026-09-22,Players Championship,PT,Last 128,Won,6 V 5,Martin Lukeman,2201,88.46,88.48,-0.02,5042,171
3094,Viktor Tingstrom,4,2026-09-17,World Series of Darts Finals,MJ,Last 32,Lost,4 V 6,Dirk van Duijvenbode,14,87.18,93.96,-6.78,4475,154
3094,Viktor Tingstrom,5,2026-08-26,Players Championship,PT,Last 64,Lost,1 V 6,Karel Sedláček,44,77.43,94.35,-16.92,2865,111
3094,Viktor Tingstrom,6,2026-08-26,Players Championship,PT,Last 128,Won,6 V 5,Christian Kist,2171,90.57,86.85,3.72,5283,175
3094,Viktor Tingstrom,7,2026-08-25,Players Championship,PT,Last 128,Lost,5 V 6,Gabriel Clemens,38,86.97,87.69,-0.72,5073,175
3094,Viktor Tingstrom,8,2026-08-09,Nordic Baltic Tour,0,Quarter Final,Lost,5 V 6,Benjamin Drue Reus,15879,85.38,90.81,-5.43,4952,174
3094,Viktor Tingstrom,9,2026-08-09,Nordic Baltic Tour,0,Last 16,Won,6 V 3,Teemu Harju,7883,94.01,85.73,8.28,4199,134
3094,Viktor Tingstrom,10,2026-08-09,Nordic Baltic Tour,0,Last 32,Won,6 V 5,Lars-Erik Lindgreen,43477,79.73,80.05,-0.32,5076,191
24609,Marvin Kraft,1,2026-09-23,Players Championship,PT,Last 128,Lost,5 V 6,Michael Smith,5,84.11,78.27,5.84,5243,187
24609,Marvin Kraft,2,2026-09-22,Players Championship,PT,Last 128,Lost,4 V 6,Henry Coates,5628,82.81,89.69,-6.88,4444,161
24609,Marvin Kraft,3,2026-08-26,Players Championship,PT,Last 128,Lost,2 V 6,Richard Veenstra,5145,77.67,83.45,-5.78,3495,135
24609,Marvin Kraft,4,2026-08-25,Players Championship,PT,Last 128,Lost,2 V 6,Bradley Brooks,74,89.34,97.15,-7.81,3514,118
24609,Marvin Kraft,5,2026-08-24,World Series Finals Tour Card Qualifier,Q,Last 32,Lost,4 V 6,Tom Bissell,46158,97.84,98.22,-0.38,4729,145
24609,Marvin Kraft,6,2026-07-30,European Tour Card Holder Qualifier,Q,Semi Final,Lost,5 V 6,Wesley Plaisier,2273,88.13,86.18,1.95,5170,176
24609,Marvin Kraft,7,2026-07-30,European Tour Card Holder Qualifier,Q,Quarter Final,Won,6 V 5,Maik Kuivenhoven,91,91.58,90.55,1.03,5220,171
24609,Marvin Kraft,8,2026-07-30,European Tour Card Holder Qualifier,Q,Quarter Final,Lost,4 V 6,Chris Landman,5183,85.83,93.27,-7.44,4463,156
24609,Marvin Kraft,9,2026-07-29,Players Championship,PT,Last 128,Lost,4 V 6,Kai Gotthardt,158,89.96,88.95,1.01,4648,155
24609,Marvin Kraft,10,2026-07-28,Players Championship,PT,Last 64,Lost,5 V 6,Niko Springer,196,89.35,83.62,5.73,5123,172
20186,Stefaan Henderyck,1,2026-09-23,Players Championship,PT,Last 64,Lost,2 V 6,Richard Veenstra,5145,83.62,85.75,-2.13,3735,134
20186,Stefaan Henderyck,2,2026-09-23,Players Championship,PT,Last 128,Won,6 V 5,Dan Hands,2554,85.25,75.91,9.34,5371,189
20186,Stefaan Henderyck,3,2026-09-22,Players Championship,PT,Last 128,Lost,4 V 6,Bradley Brooks,74,86.37,90.38,-4.01,4261,148
20186,Stefaan Henderyck,4,2026-08-26,Players Championship,PT,Last 128,Lost,4 V 6,Krzysztof Ratajski,12,79.61,89.59,-9.98,4246,160
20186,Stefaan Henderyck,5,2026-08-25,Players Championship,PT,Last 64,Lost,1 V 6,Niels Zonneveld,55,79.45,85.29,-5.84,3125,118
20186,Stefaan Henderyck,6,2026-08-25,Players Championship,PT,Last 128,Won,6 V 5,Robert Owen,51308,85.47,88.53,-3.06,5100,179
20186,Stefaan Henderyck,7,2026-08-24,World Series Finals Tour Card Qualifier,Q,Last 16,Lost,5 V 6,Dominik Gruellich,254,88.41,91.02,-2.61,5010,170
20186,Stefaan Henderyck,8,2026-08-24,World Series Finals Tour Card Qualifier,Q,Last 32,Won,6 V 5,Ian White,17,78.5,79.87,-1.37,5364,205
20186,Stefaan Henderyck,9,2026-07-30,European Tour Card Holder Qualifier,Q,Last 16,Lost,1 V 6,Richard Veenstra,5145,87.5,103.57,-16.07,2800,96
20186,Stefaan Henderyck,10,2026-07-29,Players Championship,PT,Last 64,Lost,2 V 6,Wessel Nijman,130,81.42,102.62,-21.2,3094,114
2417,Adam Paxton,1,2026-09-23,Players Championship,PT,Last 32,Lost,3 V 6,Nathan Aspinall,8,83.59,90.59,-7.0,4068,146
2417,Adam Paxton,2,2026-09-23,Players Championship,PT,Last 64,Won,6 V 5,Tom Bissell,46158,80.93,86.45,-5.52,4883,181
2417,Adam Paxton,3,2026-09-23,Players Championship,PT,Last 128,Won,6 V 4,Maik Kuivenhoven,91,87.59,82.44,5.15,4730,162
2417,Adam Paxton,4,2026-09-22,Players Championship,PT,Last 128,Lost,5 V 6,Kim Huybrechts,51,84.11,86.18,-2.07,4738,169
2417,Adam Paxton,5,2026-08-26,Players Championship,PT,Last 64,Lost,0 V 6,Krzysztof Ratajski,12,87.34,95.94,-8.6,2533,87
2417,Adam Paxton,6,2026-08-26,Players Championship,PT,Last 128,Won,6 V 5,Adam Lipscombe,14385,80.23,81.9,-1.67,5215,195
2417,Adam Paxton,7,2026-08-25,Players Championship,PT,Last 64,Lost,1 V 6,Nathan Aspinall,8,81.81,95.34,-13.53,2727,100
2417,Adam Paxton,8,2026-08-25,Players Championship,PT,Last 128,Won,6 V 5,Madars Razma,42,86.76,88.51,-1.75,5090,176
2417,Adam Paxton,9,2026-08-24,World Series Finals Tour Card Qualifier,Q,Last 32,Lost,1 V 6,Dominik Gruellich,254,84.47,93.95,-9.48,3041,108
2417,Adam Paxton,10,2026-07-30,European Tour Card Holder Qualifier,Q,Quarter Final,Lost,4 V 6,Tyler Thorpe,27176,77.93,85.05,-7.12,4390,169
22829,Sam Price,1,2026-09-22,Players Championship,PT,Last 128,Lost,4 V 6,Gabriel Clemens,38,81.58,81.13,0.45,4786,176
22829,Sam Price,2,2026-08-28,European Tour,ET,Last 48 (Premier),Lost,2 V 6,William O&#039;Connor,30,89.45,97.1,-7.65,3429,115
22829,Sam Price,3,2026-08-26,Players Championship,PT,Last 64,Lost,1 V 6,Mike De Decker,66,84.91,90.65,-5.74,3170,112
22829,Sam Price,4,2026-08-26,Players Championship,PT,Last 128,Won,6 V 5,Kai Gotthardt,158,88.73,83.41,5.32,5294,179
22829,Sam Price,5,2026-08-25,Players Championship,PT,Last 128,Lost,3 V 6,Derek Coulson,5415,84.6,90.93,-6.33,3779,134
22829,Sam Price,6,2026-08-24,World Series Finals Tour Card Qualifier,Q,Last 32,Lost,1 V 6,Stefan Bellmont,1989,81.28,84.6,-3.32,3224,119
22829,Sam Price,7,2026-07-30,European Tour Card Holder Qualifier,Q,Quarter Final,Lost,2 V 6,Raymond van Barneveld,1982,67.31,86.47,-19.16,3029,135
22829,Sam Price,8,2026-07-30,European Tour Card Holder Qualifier,Q,Quarter Final,Lost,0 V 6,Lukas Wenig,148,64.21,100.2,-35.99,1862,87
22829,Sam Price,9,2026-07-29,Players Championship,PT,Last 128,Lost,2 V 6,Christian Kist,2171,72.19,82.1,-9.91,3417,142
22829,Sam Price,10,2026-07-28,Players Championship,PT,Last 64,Lost,2 V 6,Max Hopp,59,88.72,96.79,-8.07,3460,117
2895,Marvin van Velzen,1,2026-09-23,Players Championship,PT,Last 64,Lost,4 V 6,Jermaine Wattimena,18,95.98,103.74,-7.76,4255,133
2895,Marvin van Velzen,2,2026-09-23,Players Championship,PT,Last 128,Won,6 V 2,Samuel Price,62478,98.78,73.4,25.38,3984,121
2895,Marvin van Velzen,3,2026-09-22,Players Championship,PT,Last 128,Lost,1 V 6,Lewis Pride,2280,90.97,100.53,-9.56,3093,102
2895,Marvin van Velzen,4,2026-09-06,Open Venlo Men,0,Final,Won,5 V 4,Willem van de Ven,40524,78.23,79.11,-0.88,4355,167
2895,Marvin van Velzen,5,2026-09-06,Open Venlo Men,0,Semi Final,Won,4 V 3,Simon Boiten,36191,84.54,79.21,5.33,3269,116
2895,Marvin van Velzen,6,2026-09-06,Open Venlo Men,0,Quarter Final,Won,4 V 1,Owen Roelofs,135,87.0,77.82,9.18,2465,85
2895,Marvin van Velzen,7,2026-09-06,Open Venlo Men,0,Last 16,Won,3 V 0,Tonny Veenhof,5186,98.02,85.57,12.45,1503,46
2895,Marvin van Velzen,8,2026-09-06,Open Venlo Men,0,Last 32,Won,3 V 0,Alexander Beerens,61439,70.45,57.95,12.5,1503,64
2895,Marvin van Velzen,9,2026-09-06,Open Venlo Men,0,Round Robin,Won,3 V 0,Karsten Boelens,31124,86.71,48.94,37.77,1503,52
2895,Marvin van Velzen,10,2026-09-06,Open Venlo Men,0,Round Robin,Won,3 V 2,Marko Vrakking,25277,68.83,67.17,1.66,2363,103
2201,Martin Lukeman,1,2026-09-23,Players Championship,PT,Last 128,Lost,0 V 6,Keane Barry,129,78.79,88.41,-9.62,2600,99
2201,Martin Lukeman,2,2026-09-22,Players Championship,PT,Last 128,Lost,5 V 6,Viktor Tingstrom,3094,88.48,88.46,0.02,4955,168
2201,Martin Lukeman,3,2026-08-26,Players Championship,PT,Last 128,Lost,1 V 6,Michael Smith,5,83.16,97.82,-14.66,2883,104
2201,Martin Lukeman,4,2026-08-25,Players Championship,PT,Last 64,Lost,4 V 6,Jermaine Wattimena,18,81.72,95.21,-13.49,4113,151
2201,Martin Lukeman,5,2026-08-25,Players Championship,PT,Last 128,Won,6 V 3,Adam Warner,20667,80.22,86.87,-6.65,3931,147
2201,Martin Lukeman,6,2026-08-24,World Series Finals Tour Card Qualifier,Q,Last 32,Lost,3 V 6,Charlie Manby,5636,90.2,95.85,-5.65,4119,137
2201,Martin Lukeman,7,2026-07-30,European Tour Card Holder Qualifier,Q,Quarter Final,Lost,5 V 6,Beau Greaves,138,84.93,88.77,-3.84,5011,177
2201,Martin Lukeman,8,2026-07-30,European Tour Card Holder Qualifier,Q,Quarter Final,Lost,1 V 6,Nick Kenny,84,76.41,87.91,-11.5,2980,117
2201,Martin Lukeman,9,2026-07-29,Players Championship,PT,Last 128,Lost,2 V 6,Ricardo Pietreczko,153,76.61,96.37,-19.76,3090,121
2201,Martin Lukeman,10,2026-07-28,Players Championship,PT,Last 128,Lost,2 V 6,Richard Veenstra,5145,75.88,82.57,-6.69,3541,140
15426,Matthias Ehlers,1,2026-09-23,Players Championship,PT,Last 128,Lost,4 V 6,Martin Schindler,82,91.3,99.15,-7.85,4291,141
15426,Matthias Ehlers,2,2026-09-22,Players Championship,PT,Last 128,Lost,1 V 6,Max Hopp,59,77.51,88.86,-11.35,2842,110
15426,Matthias Ehlers,3,2026-07-30,European Tour Card Holder Qualifier,Q,Quarter Final,Lost,1 V 6,Cristo Reyes,63,79.5,87.58,-8.08,2915,110
15426,Matthias Ehlers,4,2026-07-30,European Tour Card Holder Qualifier,Q,Quarter Final,Lost,1 V 6,Mario Vandenbogaerde,2363,72.77,85.26,-12.49,2838,117
15426,Matthias Ehlers,5,2026-07-29,Players Championship,PT,Last 128,Lost,1 V 6,Wesley Plaisier,2273,89.26,94.96,-5.7,3124,105
15426,Matthias Ehlers,6,2026-07-28,Players Championship,PT,Last 128,Lost,1 V 6,Niall Culleton,2034,81.16,85.83,-4.67,3111,115
15426,Matthias Ehlers,7,2026-05-05,Players Championship,PT,Last 128,Lost,3 V 6,Ritchie Edhouse,2062,86.49,93.76,-7.27,3892,135
15426,Matthias Ehlers,8,2026-05-04,Players Championship,PT,Last 128,Lost,3 V 6,James Hurrell,5190,81.5,92.35,-10.85,3885,143
15426,Matthias Ehlers,9,2026-04-28,Players Championship,PT,Last 128,Lost,1 V 6,Marvin van Velzen,2895,82.18,83.21,-1.03,3287,120
15426,Matthias Ehlers,10,2026-04-27,Players Championship,PT,Last 128,Lost,3 V 6,Jeffrey Sparidaans,5172,80.72,84.33,-3.61,4090,152
2167,Tytus Kanik,1,2026-09-23,Players Championship,PT,Last 128,Lost,3 V 6,Darius Labanauskas,57,88.61,91.04,-2.43,4076,138
2167,Tytus Kanik,2,2026-09-22,Players Championship,PT,Last 128,Lost,0 V 6,William O&#039;Connor,30,84.16,93.94,-9.78,2609,93
2167,Tytus Kanik,3,2026-08-26,Players Championship,PT,Last 128,Lost,2 V 6,Nick Kenny,84,79.51,89.73,-10.22,3366,127
2167,Tytus Kanik,4,2026-08-25,Players Championship,PT,Last 128,Lost,3 V 6,Ricardo Pietreczko,153,84.83,91.77,-6.94,3987,141
2167,Tytus Kanik,5,2026-08-24,World Series Finals Tour Card Qualifier,Q,Last 32,Lost,5 V 6,Robert Owen,51308,85.28,85.92,-0.64,5060,178
2167,Tytus Kanik,6,2026-07-30,European Tour Card Holder Qualifier,Q,Last 16,Lost,5 V 6,Jim Long,5147,95.19,92.25,2.94,5140,162
2167,Tytus Kanik,7,2026-07-30,European Tour Card Holder Qualifier,Q,Last 16,Lost,1 V 6,Yorick Hofkens,25319,80.87,85.32,-4.45,3100,115
2167,Tytus Kanik,8,2026-07-29,Players Championship,PT,Last 128,Lost,3 V 6,Mario Vandenbogaerde,2363,86.21,88.55,-2.34,4138,144
2167,Tytus Kanik,9,2026-07-28,Players Championship,PT,Last 128,Lost,1 V 6,Kim Huybrechts,51,80.13,96.17,-16.04,2778,104
2167,Tytus Kanik,10,2026-07-08,European Tour Card Holder Qualifier,Q,Quarter Final,Lost,3 V 6,Greg Ritchie,2295,82.04,87.78,-5.74,3856,141
131,Rusty-Jake Rodriguez,1,2026-08-26,Players Championship,PT,Last 128,Lost,2 V 6,Cam Crabtree,33021,76.45,91.03,-14.58,3211,126
131,Rusty-Jake Rodriguez,2,2026-08-25,Players Championship,PT,Last 128,Lost,3 V 6,Krzysztof Ratajski,12,79.97,87.14,-7.17,3972,149
131,Rusty-Jake Rodriguez,3,2026-08-24,World Series Finals Tour Card Qualifier,Q,Last 32,Lost,1 V 6,Jeffrey de Zwaan,48,76.32,78.99,-2.67,3129,123
131,Rusty-Jake Rodriguez,4,2026-07-30,European Tour Card Holder Qualifier,Q,Quarter Final,Lost,1 V 6,Stephen Burton,2014,74.95,85.45,-10.5,2898,116
131,Rusty-Jake Rodriguez,5,2026-07-30,European Tour Card Holder Qualifier,Q,Quarter Final,Lost,4 V 6,Max Hopp,59,81.07,85.46,-4.39,4378,162
131,Rusty-Jake Rodriguez,6,2026-07-30,European Tour Card Holder Qualifier,Q,Last 16,Won,6 V 5,Niall Culleton,2034,77.66,78.58,-0.92,5203,201
131,Rusty-Jake Rodriguez,7,2026-07-29,Players Championship,PT,Last 128,Lost,1 V 6,Darius Labanauskas,57,87.29,88.88,-1.59,3288,113
131,Rusty-Jake Rodriguez,8,2026-07-28,Players Championship,PT,Last 128,Lost,3 V 6,Benjamin Pratnemer,2278,92.38,95.38,-3.0,4034,131
131,Rusty-Jake Rodriguez,9,2026-07-08,European Tour Card Holder Qualifier,Q,Quarter Final,Lost,2 V 6,Maximilian Czerwinski,23309,77.0,77.5,-0.5,3696,144
131,Rusty-Jake Rodriguez,10,2026-07-08,European Tour Card Holder Qualifier,Q,Semi Final,Lost,1 V 6,Ricky Evans,45,79.3,80.7,-1.4,3357,127
46130,Filip Bereza,1,2026-09-23,Players Championship,PT,Last 128,Lost,3 V 6,Jeffrey de Zwaan,48,86.47,95.46,-8.99,3891,135
46130,Filip Bereza,2,2026-09-22,Players Championship,PT,Last 128,Lost,2 V 6,Dirk van Duijvenbode,14,76.12,82.0,-5.88,3603,142
46130,Filip Bereza,3,2026-08-26,Players Championship,PT,Last 128,Lost,4 V 6,Greg Ritchie,2295,85.01,89.58,-4.57,4477,158
46130,Filip Bereza,4,2026-08-25,Players Championship,PT,Last 128,Lost,1 V 6,Luke Woodhouse,70,87.08,94.35,-7.27,3106,107
46130,Filip Bereza,5,2026-08-24,World Series Finals Tour Card Qualifier,Q,Last 32,Lost,2 V 6,Thomas Lovely,2199,80.57,85.27,-4.7,3545,132
46130,Filip Bereza,6,2026-07-30,European Tour Card Holder Qualifier,Q,Last 16,Lost,0 V 6,Darius Labanauskas,57,85.66,88.41,-2.75,2741,96
46130,Filip Bereza,7,2026-07-30,European Tour Card Holder Qualifier,Q,Semi Final,Lost,3 V 6,Max Hopp,59,85.83,94.41,-8.58,3891,136
46130,Filip Bereza,8,2026-07-30,European Tour Card Holder Qualifier,Q,Quarter Final,Won,6 V 4,Tom Sykes,50760,91.35,89.92,1.43,4720,155
46130,Filip Bereza,9,2026-07-29,Players Championship,PT,Last 128,Lost,5 V 6,Karel Sedláček,44,83.5,96.36,-12.86,4815,173
46130,Filip Bereza,10,2026-07-28,Players Championship,PT,Last 128,Lost,4 V 6,Henry Coates,5628,86.05,90.0,-3.95,4532,158
23309,Maximilian Czerwinski,1,2026-09-23,Players Championship,PT,Last 64,Lost,2 V 6,Tommy Lishman,3086,80.54,94.16,-13.62,3329,124
23309,Maximilian Czerwinski,2,2026-09-23,Players Championship,PT,Last 128,Won,6 V 4,Andrew Gilding,2088,85.64,84.94,0.7,4796,168
23309,Maximilian Czerwinski,3,2026-09-22,Players Championship,PT,Last 128,Lost,1 V 6,Andrew Gilding,2088,73.53,85.99,-12.46,2843,116
23309,Maximilian Czerwinski,4,2026-08-29,MyDartCoach Championship,0,Last 16,Lost,2 V 5,Marcel Hausotter,6939,86.02,88.78,-2.76,3154,110
23309,Maximilian Czerwinski,5,2026-08-29,MyDartCoach Championship,0,Last 32,Won,4 V 3,Maurice Junker,20993,76.07,72.18,3.89,3423,135
23309,Maximilian Czerwinski,6,2026-08-29,MyDartCoach Championship,0,Last 64,Won,4 V 0,Benno Touhsaint,49472,64.65,64.69,-0.04,2004,93
23309,Maximilian Czerwinski,7,2026-07-30,European Tour Card Holder Qualifier,Q,Quarter Final,Lost,4 V 6,Viktor Tingstrom,3094,70.24,76.67,-6.43,4378,187
23309,Maximilian Czerwinski,8,2026-07-30,European Tour Card Holder Qualifier,Q,Final,Lost,5 V 6,Jeffrey de Graaf,2092,84.35,87.02,-2.67,5033,179
23309,Maximilian Czerwinski,9,2026-07-30,European Tour Card Holder Qualifier,Q,Semi Final,Won,6 V 5,Charlie Manby,5636,79.68,86.36,-6.68,4967,187
23309,Maximilian Czerwinski,10,2026-07-30,European Tour Card Holder Qualifier,Q,Quarter Final,Won,6 V 4,Yorick Hofkens,25319,83.88,80.37,3.51,4921,176
3059,Tavis Dudeney,1,2026-09-23,Players Championship,PT,Last 128,Lost,1 V 6,Karel Sedlacek,62477,76.41,86.78,-10.37,2929,115
3059,Tavis Dudeney,2,2026-09-22,Players Championship,PT,Last 128,Lost,1 V 6,Wesley Plaisier,2273,80.24,90.44,-10.2,2942,110
3059,Tavis Dudeney,3,2026-08-26,Players Championship,PT,Last 128,Lost,5 V 6,Charlie Manby,5636,79.25,82.21,-2.96,4834,183
3059,Tavis Dudeney,4,2026-08-25,Players Championship,PT,Last 128,Lost,5 V 6,Jack Tweddell,2672,88.12,92.04,-3.92,4876,166
3059,Tavis Dudeney,5,2026-08-24,World Series Finals Tour Card Qualifier,Q,Last 32,Lost,1 V 6,Wesley Plaisier,2273,78.8,87.58,-8.78,3152,120
3059,Tavis Dudeney,6,2026-07-30,European Tour Card Holder Qualifier,Q,Quarter Final,Lost,1 V 6,Scott Williams,5137,70.89,81.33,-10.44,2930,124
3059,Tavis Dudeney,7,2026-07-30,European Tour Card Holder Qualifier,Q,Last 16,Lost,3 V 6,Chris Landman,5183,77.34,78.93,-1.59,4125,160
3059,Tavis Dudeney,8,2026-07-29,Players Championship,PT,Last 128,Lost,0 V 6,Cristo Reyes,63,80.16,92.02,-11.86,2565,96
3059,Tavis Dudeney,9,2026-07-28,Players Championship,PT,Last 64,Lost,3 V 6,Joe Hunt,14283,83.38,88.9,-5.52,4030,145
3059,Tavis Dudeney,10,2026-07-28,Players Championship,PT,Last 128,Won,6 V 4,Madars Razma,42,79.76,83.6,-3.84,4626,174
2192,Pero Ljubić,1,2026-09-22,Players Championship,PT,Last 128,Lost,1 V 6,Archie Self,16467,85.68,98.28,-12.6,2913,102
2192,Pero Ljubić,2,2026-07-30,European Tour Card Holder Qualifier,Q,Quarter Final,Lost,0 V 6,Justin Hood,2138,73.49,82.73,-9.24,2572,105
2192,Pero Ljubić,3,2026-07-30,European Tour Card Holder Qualifier,Q,Quarter Final,Lost,3 V 6,Jeffrey Sparidaans,5172,77.11,77.3,-0.19,4138,161
2192,Pero Ljubić,4,2026-07-29,Players Championship,PT,Last 128,Lost,2 V 6,Wessel Nijman,130,81.65,94.39,-12.74,3266,120
2192,Pero Ljubić,5,2026-07-28,Players Championship,PT,Last 128,Lost,0 V 6,Cristo Reyes,63,84.27,96.97,-12.7,2528,90
2192,Pero Ljubić,6,2026-07-08,European Tour Card Holder Qualifier,Q,Semi Final,Lost,4 V 6,Tom Sykes,50760,72.91,89.52,-16.61,3986,164
2192,Pero Ljubić,7,2026-07-08,European Tour Card Holder Qualifier,Q,Quarter Final,Won,6 V 5,Scott Williams,5137,78.47,86.51,-8.04,5022,192
2192,Pero Ljubić,8,2026-07-08,European Tour Card Holder Qualifier,Q,Last 16,Lost,2 V 6,David Sharp,6682,82.9,91.3,-8.4,3482,126
2192,Pero Ljubić,9,2026-07-07,Players Championship,PT,Last 128,Lost,1 V 6,William O&#039;Connor,30,75.25,86.87,-11.62,2985,119
2192,Pero Ljubić,10,2026-07-06,Players Championship,PT,Last 128,Lost,3 V 6,Dominik Gruellich,254,83.17,85.31,-2.14,4131,149
